founded_year,region,city,country_code,avg_funding,total_funding
NULL,Hangzhou,Hangzhou,CHN,4812000000,4812000000
NULL,Toronto,Waterloo,CAN,1000000000,1000000000
NULL,Rome,Rome,ITA,412000000,412000000
NULL,"St. Louis","Saint Louis",USA,384410000,384410000
NULL,"Burleigh Heads","Burleigh Heads",AUS,382106890,382106890
NULL,Anaheim,"Newport Beach",USA,255100000,255100000
NULL,"CHN - Other",Xian,CHN,250000000,250000000
NULL,Chicago,Bolingbrook,USA,225828977,225828977
NULL,Boston,Waltham,USA,216500000,433000000
NULL,"Sao Paulo","SÃ£o Paulo",BRA,212339443,424678886
NULL,Raleigh,Pittsboro,USA,196664126,196664126
NULL,"Kuala Lumpur","Kuala Lumpur",MYS,190000000,190000000
NULL,"Los Angeles","Thousand Oaks",USA,175463420,175463420
NULL,"Salt Lake City",Provo,USA,170000000,340000000
NULL,"SC - Other","Rock Hill",USA,169500000,169500000
NULL,"Santa Barbara","Santa Barbara",USA,168000000,168000000
NULL,"SF Bay Area",Milpitas,USA,160279779,160279779
NULL,"Los Angeles",Torrance,USA,154400000,154400000
NULL,"Washington, D.C.",Arlington,USA,154000000,154000000
NULL,Taiwan,Taipei,TWN,150594138,150594138
NULL,"AUT - Other",Unterpremstatten,AUT,149938635,149938635
NULL,Minneapolis,Plymouth,USA,135585460,135585460
NULL,Raleigh,Durham,USA,128352074,128352074
NULL,Newark,Princeton,USA,111005000,111005000
NULL,"SF Bay Area","San Jose",USA,108861480.85714285,762030366
NULL,"St. Louis","St Louis",USA,107000000,107000000
NULL,"CHN - Other",Chaoyang,CHN,100000000,100000000
NULL,Prague,Prague,CZE,100000000,100000000
NULL,Indianapolis,Indianapolis,USA,98550000,197100000
NULL,"New York City","New York",USA,93061569.46666667,1395923542
NULL,Fayetteville,Fayetteville,USA,93000000,93000000
NULL,Hartford,"New Haven",USA,91100000,91100000
NULL,Cincinnati,Independence,USA,86000000,86000000
NULL,"Cedar Rapids","Cedar Rapids",USA,85000000,85000000
NULL,"Washington, D.C.",Rockville,USA,83700000,83700000
NULL,Istanbul,Istanbul,TUR,83300000,83300000
NULL,Dallas,Dallas,USA,77486766.66666667,232460300
NULL,Seattle,Woodinville,USA,75000000,75000000
NULL,Moscow,Moscow,RUS,74901666.66666667,224705000
NULL,"Palm Beaches","Boca Raton",USA,73318011.5,146636023
NULL,"IRL - Other",Ballsbridge,IRL,70000000,70000000
NULL,Boston,Lexington,USA,69480000,208440000
NULL,"Washington, D.C.",Washington,USA,66999515,66999515
NULL,"SF Bay Area",Alameda,USA,63630000,63630000
NULL,"New Delhi",Gurgaon,IND,62545000,125090000
NULL,Dubai,Dubai,ARE,60000000,60000000
NULL,"Charleston, South Carolina","Mount Pleasant",USA,60000000,60000000
NULL,Miami,"Coral Gables",USA,58500000,58500000
NULL,"Los Angeles","Santa Monica",USA,58050000,116100000
NULL,Boston,Weymouth,USA,58000000,58000000
NULL,Sacramento,Davis,USA,57100000,57100000
NULL,Boston,Bedford,USA,57000000,114000000
NULL,"SF Bay Area",Livermore,USA,55600000,111200000
NULL,Frankfurt,Frankfurt,DEU,55000000,55000000
NULL,"Manchester, New Hampshire",Salem,USA,53300000,53300000
NULL,London,Cambridge,GBR,52999826.5,105999653
NULL,"Salt Lake City","Salt Lake City",USA,51750000,103500000
NULL,"San Diego",Vista,USA,50786780.5,101573561
NULL,Boston,Chelmsford,USA,50000000,50000000
NULL,"San Diego","San Diego",USA,48836309.875,390690479
NULL,"New Delhi","New Delhi",IND,48600000,48600000
NULL,London,Guildford,GBR,48581364,48581364
NULL,"SF Bay Area",Fremont,USA,48042402.571428575,336296818
NULL,Denver,Boulder,USA,45987500,91975000
NULL,"BRA - Other",OlÃ­mpia,BRA,45400000,45400000
NULL,"Manchester, New Hampshire",Amherst,USA,45400000,45400000
NULL,Houston,"Sugar Land",USA,45319939,45319939
NULL,"Salt Lake City",Lindon,USA,45000000,45000000
NULL,Boston,Cambridge,USA,44800000,179200000
NULL,Richmond,Richmond,USA,43990999,43990999
NULL,"CT - Other",Centerbrook,USA,43000000,43000000
NULL,"SF Bay Area",Emeryville,USA,41320000,82640000
NULL,"SF Bay Area",Hayward,USA,40000000,40000000
NULL,Belfast,Belfast,GBR,40000000,40000000
NULL,Boston,Watertown,USA,40000000,40000000
NULL,Boston,Salem,USA,39700000,39700000
NULL,Chicago,Chicago,USA,38101834.6,190509173
NULL,Nashville,Franklin,USA,36618955,36618955
NULL,"Portland, Oregon",Hillsboro,USA,36519878,36519878
NULL,"Columbus, Ohio",Columbus,USA,36108854,72217708
NULL,Atlanta,Roswell,USA,36043700,36043700
NULL,"New York City","Pearl River",USA,35000000,35000000
NULL,"DEU - Other",Planegg,DEU,35000000,35000000
NULL,Barcelona,Barcelona,ESP,34060000,34060000
NULL,Pittsburgh,Pittsburgh,USA,32697935.75,130791743
NULL,Birmingham,Birmingham,USA,32528821.5,65057643
NULL,"Cape Cod",Osterville,USA,31125201,31125201
NULL,"SF Bay Area","South San Francisco",USA,30000000,30000000
NULL,"Cape Cod","South Harwich",USA,30000000,30000000
NULL,Raleigh,Cary,USA,29821889,29821889
NULL,Phoenix,Tempe,USA,29600000,29600000
NULL,"FRA - Other","Le Perreux-sur-marne",FRA,29567009,29567009
NULL,"MT - Other",Belgrade,USA,28561000,28561000
NULL,"GBR - Other","Stow Cum Quy",GBR,28500000,28500000
NULL,Atlanta,Dunwoody,USA,28306508,28306508
NULL,"SF Bay Area","Palo Alto",USA,27674263,110697052
NULL,Philadelphia,"Feasterville Trevose",USA,27500000,27500000
NULL,"SF Bay Area","Redwood City",USA,27203666.666666668,163222000
NULL,Seattle,Seattle,USA,27013599.5,162081597
NULL,Anaheim,Irvine,USA,26762002,53524004
NULL,"SF Bay Area",Sunnyvale,USA,26707953.5,106831814
NULL,"Washington, D.C.",Reston,USA,26579997,53159994
NULL,"Washington, D.C.",Mclean,USA,26500000,26500000
NULL,Anaheim,"Aliso Viejo",USA,26406502.5,52813005
NULL,Beijing,Beijing,CHN,26315193.888888888,236836745
NULL,Glasgow,Glasgow,GBR,26239014.37,26239014.37
NULL,"Los Angeles","Los Angeles",USA,25000000,25000000
NULL,Boston,Devens,USA,25000000,25000000
NULL,"SC - Other",Texas,USA,25000000,25000000
NULL,"SF Bay Area",Oakland,USA,25000000,25000000
NULL,Chicago,Wheeling,USA,25000000,25000000
NULL,Boston,Tyngsboro,USA,24000000,24000000
NULL,Orlando,"Lake Mary",USA,23775000,47550000
NULL,"Washington, D.C.","Falls Church",USA,23000000,23000000
NULL,Newark,"Berkeley Heights",USA,22465006,22465006
NULL,"Tel Aviv","Petah Tiqva",ISR,22300000,22300000
NULL,"San Diego",Carlsbad,USA,22262259.333333332,66786778
NULL,Jakarta,Jakarta,IDN,22000000,22000000
NULL,Jaipur,Jaipur,IND,21000000,21000000
NULL,"Palm Beaches","Palm Beach Gardens",USA,21000000,21000000
NULL,"AUS - Other",Thebarton,AUS,20469183,20469183
NULL,Detroit,"Ann Arbor",USA,20250000,40500000
NULL,"Wilmington - Cape Fear, North Carolina",Wilmington,USA,20000000,20000000
NULL,Newark,Warren,USA,20000000,20000000
NULL,Hartford,Stamford,USA,20000000,20000000
NULL,Scranton,"Wilkes Barre",USA,19950000,19950000
NULL,"San Antonio","San Antonio",USA,19358342.25,77433369
NULL,Boston,Westwood,USA,18100000,18100000
NULL,Chicago,"Oak Brook",USA,18000000,18000000
NULL,Eindhoven,Eindhoven,NLD,17720000,17720000
NULL,"Tel Aviv","Tel Aviv",ISR,17650000,17650000
NULL,"Florida's Space Coast","Melbourne Beach",USA,17450000,34900000
NULL,"Washington, D.C.",Sterling,USA,17200000,17200000
NULL,Boston,Boston,USA,17127738.25,137021906
NULL,Seoul,Seoul,KOR,17000000,34000000
NULL,"Washington, D.C.",Chantilly,USA,16680511,16680511
NULL,Phoenix,Phoenix,USA,16350000,32700000
NULL,Paris,Paris,FRA,16250000,32500000
NULL,"Orange County, California","Long Beach",USA,16100000,16100000
NULL,Austin,Austin,USA,15938485.57142857,111569399
NULL,Dallas,Plano,USA,15135792,30271584
NULL,"NY - Other",Clarence,USA,15034750,15034750
NULL,"SF Bay Area","Santa Clara",USA,14976284.25,59905137
NULL,Edinburgh,Edinburgh,GBR,14947799.5,29895599
NULL,Boston,Beverly,USA,14789364.5,29578729
NULL,Dublin,Dublin,IRL,14726229,58904916
NULL,"SF Bay Area","San Francisco",USA,14692247.75,117537982
NULL,Houston,Houston,USA,14350000,14350000
NULL,Atlanta,Atlanta,USA,14342500,28685000
NULL,Tucson,Tucson,USA,14140433,14140433
NULL,Amsterdam,Amsterdam,NLD,14000000,14000000
NULL,"FRA - Other",MÃ©rignac,FRA,13909650,13909650
NULL,Philadelphia,Newtown,USA,13714382,13714382
NULL,Newark,Edison,USA,13500150,13500150
NULL,Philadelphia,"King Of Prussia",USA,13500000,13500000
NULL,Philadelphia,Malvern,USA,13000000,13000000
NULL,"FRA - Other",BiÃ¨vres,FRA,12868200,12868200
NULL,Newark,Fairfield,USA,12500000,12500000
NULL,Burnaby,Burnaby,CAN,12500000,12500000
NULL,Denver,Longmont,USA,12265000,12265000
NULL,"SF Bay Area","San Mateo",USA,12250000,24500000
NULL,Boston,Woburn,USA,12000000,12000000
NULL,"Rochester, New York",Rochester,USA,11858111,23716222
NULL,"Orange County, California","Mission Viejo",USA,11755550,11755550
NULL,"The Hague","The Hague",NLD,11518329,11518329
NULL,"ITA - Other",Cona,ITA,11500000,11500000
NULL,London,London,GBR,11211488.784500001,67268932.707
NULL,Cirencester,Cirencester,GBR,11200000,11200000
NULL,Phoenix,Scottsdale,USA,10779581,21559162
NULL,Nottingham,Nottingham,GBR,10720178,10720178
NULL,Cleveland,Cleveland,USA,10600001,21200002
NULL,Boston,Burlington,USA,10500000,10500000
NULL,Seattle,Bellevue,USA,10273803,10273803
NULL,"NJ - Other",Berlin,USA,10000000,10000000
NULL,Chicago,"Lake Zurich",USA,10000000,10000000
NULL,Allentown,Allentown,USA,10000000,10000000
NULL,Hartford,Middletown,USA,10000000,10000000
NULL,Guangzhou,Guangzhou,CHN,10000000,10000000
NULL,"SF Bay Area","Mountain View",USA,10000000,10000000
NULL,Raleigh,Raleigh,USA,9833333.333333334,29500000
NULL,Boston,Billerica,USA,9750000,19500000
NULL,"GBR - Other",Chertsey,GBR,9474450,9474450
NULL,"SF Bay Area",Cupertino,USA,9375000,18750000
NULL,"Los Angeles","El Segundo",USA,9200000,18400000
NULL,Toronto,Toronto,CAN,9038651,27115953
NULL,"ISR - Other","Bustan Hagalil",ISR,9000000,9000000
NULL,Baltimore,Columbia,USA,8700000,8700000
NULL,"GBR - Other",Swavesey,GBR,8505908,8505908
NULL,"Rochester, New York","East Rochester",USA,8500000,8500000
NULL,"Palm Beaches",Jupiter,USA,8333309,8333309
NULL,Adelaide,Adelaide,AUS,8180000,8180000
NULL,London,Basingstoke,GBR,8033458,8033458
NULL,Ottawa,Ottawa,CAN,8000000,16000000
NULL,Tallinn,Tallinn,EST,8000000,8000000
NULL,Chennai,Chennai,IND,7125000,14250000
NULL,"LA - Other",Georgia,USA,7100000,7100000
NULL,Dallas,Carrollton,USA,6800000,6800000
NULL,Chicago,"Des Plaines",USA,6790000,6790000
NULL,"Ontario - Inland Empire",Chino,USA,6760009,13520018
NULL,Nashville,Nashville,USA,6706000,6706000
NULL,Newark,"East Rutherford",USA,6700000,6700000
NULL,Atlanta,Alpharetta,USA,6050000,12100000
NULL,Atlanta,Lawrenceville,USA,6000000,6000000
NULL,Girona,Girona,ESP,6000000,6000000
NULL,Minneapolis,Burnsville,USA,6000000,6000000
NULL,Hartford,Norwalk,USA,5500000,5500000
NULL,Eugene,Redmond,USA,5250000,5250000
NULL,Miami,Miami,USA,5150000,10300000
NULL,Minneapolis,Eagan,USA,5088130,5088130
NULL,"Washington, D.C.",Gaithersburg,USA,5000000,5000000
NULL,Newark,Somerset,USA,5000000,5000000
NULL,Boston,Lowell,USA,5000000,5000000
NULL,Boston,Newton,USA,5000000,5000000
NULL,Newark,"Jersey City",USA,5000000,5000000
NULL,Milwaukee,Milwaukee,USA,4800000,4800000
NULL,"NY - Other","Orchard Park",USA,4700000,4700000
NULL,Dallas,Irving,USA,4250000,8500000
NULL,"SF Bay Area","Corte Madera",USA,4130904,4130904
NULL,Austin,Georgetown,USA,4000000,4000000
NULL,"AUS - Other",Bentley,AUS,4000000,4000000
NULL,Tunis,Tunis,TUN,3920000,3920000
NULL,"Washington, D.C.",Herndon,USA,3800000,3800000
NULL,Baltimore,"Linthicum Heights",USA,3742188,3742188
NULL,"St. John's","Saint John's",CAN,3700000,3700000
NULL,Lyon,Lyon,FRA,3500000,3500000
NULL,Detroit,Troy,USA,3440115,6880230
NULL,"CHN - Other",Changsha,CHN,3341928,3341928
NULL,Tulsa,Tulsa,USA,3255325,3255325
NULL,Alexandria,Alexandria,USA,3000000,3000000
NULL,"Little Rock","Little Rock",USA,3000000,3000000
NULL,Buffalo,Buffalo,USA,3000000,3000000
NULL,Boston,Needham,USA,3000000,3000000
NULL,London,Reading,GBR,3000000,3000000
NULL,Detroit,Plymouth,USA,3000000,3000000
NULL,Helsinki,Helsinki,FIN,3000000,3000000
NULL,"Portland, Oregon",Tigard,USA,2876384,2876384
NULL,"MN - Other",Rockville,USA,2807000,2807000
NULL,Denver,Denver,USA,2775000,5550000
NULL,Zurich,ZÃ¼rich,CHE,2700000,2700000
NULL,Stockholm,Stockholm,SWE,2590000,2590000
NULL,London,Abingdon,GBR,2500000,2500000
NULL,Shenzhen,Shenzhen,CHN,2500000,2500000
NULL,Chicago,Lincolnwood,USA,2400000,2400000
NULL,"SF Bay Area",Martinez,USA,2380000,2380000
NULL,Tampa,Tampa,USA,2344000,7032000
NULL,Minneapolis,Hopkins,USA,2250000,2250000
NULL,Charlotte,Charlotte,USA,2246171,2246171
NULL,"Long Island",Uniondale,USA,2183226,4366452
NULL,Boston,Concord,USA,2100000,2100000
NULL,Boston,Andover,USA,2100000,2100000
NULL,Newark,Roseland,USA,2000000,2000000
NULL,"SF Bay Area",Orinda,USA,2000000,2000000
NULL,"SF Bay Area","Morgan Hill",USA,2000000,2000000
NULL,Toronto,Markham,CAN,2000000,2000000
NULL,Boston,Marlborough,USA,1999998,1999998
NULL,Allentown,Bethlehem,USA,1952500,3905000
NULL,Brussels,Diepenbeek,BEL,1895233,1895233
NULL,Newark,Iselin,USA,1750000,1750000
NULL,Lausanne,Lausanne,CHE,1737170,1737170
NULL,"PHL - Other",Austria,PHL,1694742,1694742
NULL,"Greenville - Spartanburg",Easley,USA,1613014,1613014
NULL,Minneapolis,Minneapolis,USA,1500321,1500321
NULL,Montreal,Laval,CAN,1400000,1400000
NULL,Minneapolis,"Eden Prairie",USA,1350000,1350000
NULL,"SF Bay Area","Los Gatos",USA,1280000,1280000
NULL,"Springfield, Illinois",Springfield,USA,1250016,1250016
NULL,"Ft. Lauderdale",Lauderhill,USA,1250000,1250000
NULL,Chicago,Palatine,USA,1240000,1240000
NULL,"Colorado Springs","Colorado Springs",USA,1157500,1157500
NULL,Boston,Wilmington,USA,1150000,1150000
NULL,Huddersfield,Huddersfield,GBR,1140000,1140000
NULL,"TX - Other",Italy,USA,1000000,1000000
NULL,"SF Bay Area",Sausalito,USA,1000000,1000000
NULL,Worcester,Hardwick,USA,1000000,1000000
NULL,"Washington, D.C.",Vienna,USA,1000000,1000000
NULL,"Ft. Lauderdale",Sunrise,USA,946520,946520
NULL,Newark,Newark,USA,900000,900000
NULL,"Las Vegas","Boulder City",USA,878000,878000
NULL,Minneapolis,"Saint Paul",USA,682236,682236
NULL,"SF Bay Area",Danville,USA,675500,675500
NULL,"DEU - Other",EÃŸlingen,DEU,608000,608000
NULL,"San Diego",Poway,USA,605000,605000
NULL,Vancouver,Vancouver,CAN,581919.5,1163839
NULL,"SWE - Other","VÃ¤stra FrÃ¶lunda",SWE,540315,540315
NULL,Chicago,Evanston,USA,500000,500000
NULL,"Kansas City","Overland Park",USA,359742,359742
NULL,Houston,Richmond,USA,325000,325000
NULL,Dallas,Hurst,USA,300000,300000
NULL,"Las Vegas","Las Vegas",USA,300000,300000
NULL,Baltimore,Catonsville,USA,300000,300000
NULL,"Long Island",Jericho,USA,296487,296487
NULL,"NY - Other",Florida,USA,280000,280000
NULL,"Porto Alegre","Porto Alegre",BRA,243000,243000
NULL,"Washington, D.C.",Germantown,USA,237338,237338
NULL,"Florida's Space Coast",Melbourne,USA,202125,202125
NULL,Mumbai,Mumbai,IND,175000,175000
NULL,"Ft. Lauderdale",Weston,USA,155000,155000
NULL,Indianapolis,"West Lafayette",USA,127890,127890
NULL,Jacksonville,Jacksonville,USA,75000,75000
NULL,Boston,Quincy,USA,45000,45000
NULL,Hartford,Cheshire,USA,31322.81384,31322.81384
1863,Raleigh,Raleigh,USA,43500000,43500000
1869,"New York City","New York",USA,7500000,7500000
1879,"TN - Other",Quebeck,USA,28000000,28000000
1881,"Washington, D.C.",Washington,USA,5500,5500
1885,Phoenix,Tempe,USA,1000000,1000000
1895,Dallas,Dallas,USA,940000000,940000000
1899,"PHL - Other","Muntinlupa City",PHL,144000000,144000000
1899,Chicago,Deerfield,USA,5170000,5170000
1899,Worcester,Worcester,USA,1400000,1400000
2001,"CHN - Other",Chaoyang,CHN,876780000,876780000
2001,"CO - Other",Loveland,USA,510000000,510000000
2001,Worcester,Westborough,USA,264180000,528360000
2001,"DEU - Other",Aschheim,DEU,248000000,248000000
2001,Hamburg,Hamburg,DEU,230494000,460988000
2001,"Los Angeles","Woodland Hills",USA,220000000,220000000
2001,Seattle,Kent,USA,200000000,200000000
2001,"SF Bay Area",Vallejo,USA,197500000,197500000
2001,"BEL - Other",Zwijnaarde,BEL,186036236,186036236
2001,Durham,Durham,GBR,167163877.3,167163877.3
2001,Boston,Tewksbury,USA,149499995,149499995
2001,Worcester,Hardwick,USA,139500000,139500000
2001,Worcester,Northborough,USA,136000000,136000000
2001,"VA - Other",Shanghai,USA,135000000,135000000
2001,Newark,Bedminster,USA,126982482.5,253964965
2001,"Tel Aviv","Hod Hasharon",ISR,124000000,124000000
2001,"CA - Other","Lucerne Valley",USA,120500000,120500000
2001,Oxton,Oxton,GBR,120407292.5,240814585
2001,"Washington, D.C.",Vienna,USA,118000000,236000000
2001,Denver,Broomfield,USA,117640805,235281610
2001,Seattle,"Bainbridge Island",USA,111860177.5,223720355
2001,"Kansas City","Kansas City",USA,108583333.33333333,325750000
2001,Newark,Cranbury,USA,105866943,105866943
2001,"SF Bay Area",Emeryville,USA,104573083.6,522865418
2001,Newark,"Basking Ridge",USA,100000000,100000000
2001,Baltimore,"Lutherville Timonium",USA,100000000,100000000
2001,Dusseldrof,DÃ¼sseldorf,DEU,99108681.3,198217362.6
2001,Ãƒâ€¡an,Ã‡an,TUR,98600000,98600000
2001,"MD - Other",Hyattsville,USA,95875000,95875000
2001,"Orange County, California","Foothill Ranch",USA,94227193.5,188454387
2001,Philadelphia,Langhorne,USA,93423231,93423231
2001,Moscow,Moscow,RUS,91652845.4,1374792681
2001,"IL - Other","Illinois City",USA,85000000,85000000
2001,Munster,MÃ¼nster-sarmsheim,DEU,81672000,81672000
2001,"SK - Other",Albertville,CAN,81000000,81000000
2001,Baltimore,Annapolis,USA,80300000,80300000
2001,Trowbridge,Trowbridge,GBR,75583454,75583454
2001,Rockford,Rockford,USA,75000000,75000000
2001,Lausanne,Lausanne,CHE,74264678.71428572,519852751
2001,Atlanta,Alpharetta,USA,74016666.66666667,222050000
2001,"SF Bay Area",Brisbane,USA,73000000,73000000
2001,"PA - Other",Thornton,USA,71350002,71350002
2001,"CHN - Other",Yangpu,CHN,70000000,70000000
2001,"Washington, D.C.",Dulles,USA,70000000,70000000
2001,"SF Bay Area",Milpitas,USA,69670226.6,348351133
2001,London,Maidenhead,GBR,68500000,68500000
2001,"Los Angeles","Santa Monica",USA,64585564.666666664,775026776
2001,"SF Bay Area","Foster City",USA,64535825.25,258143301
2001,Chicago,Chicago,USA,64089956.741935484,1986788659
2001,Boston,Billerica,USA,63730248,63730248
2001,Anaheim,Irvine,USA,62373580.1875,997977283
2001,Shanghai,Shanghai,CHN,62043559.266666666,930653389
2001,Kanata,Kanata,CAN,60900000,60900000
2001,Sydney,Sydney,AUS,60721212.166666664,364327273
2001,Basel,Basel,CHE,60680000,60680000
2001,"SF Bay Area","Redwood Shores",USA,60200000,60200000
2001,Frankfurt,Heidelberg,DEU,58188612,116377224
2001,Sacramento,Davis,USA,58000000,116000000
2001,Boston,Waltham,USA,57877382.1875,926038115
2001,"Salt Lake City","South Jordan",USA,57262275,57262275
2001,Pensacola,"Miramar Beach",USA,56276492,56276492
2001,Auckland,Auckland,NZL,56193333.333333336,168580000
2001,"SF Bay Area",Hayward,USA,56004548,224018192
2001,"Albany, New York",Troy,USA,56000000,56000000
2001,Shanghai,Suzhou,CHN,54520159.5,109040319
2001,Marseille,Marseille,FRA,54331585,54331585
2001,"IND - Other",Andheri,IND,54000000,54000000
2001,"Santa Barbara",Goleta,USA,53900000,107800000
2001,Boston,Littleton,USA,53730000,53730000
2001,Minneapolis,Minneapolis,USA,53655702.333333336,643868428
2001,Charlotte,Charlotte,USA,53336191,266680955
2001,Amsterdam,Amsterdam,NLD,53099749.75,637196997
2001,Cincinnati,Mason,USA,52840362.5,105680725
2001,Memphis,Memphis,USA,52796253,105592506
2001,"FRA - Other",Saint-genis-pouilly,FRA,52750600,52750600
2001,Seattle,Bothell,USA,52750000,105500000
2001,Gainesville,Alachua,USA,52592641,157777923
2001,"SF Bay Area",Sunnyvale,USA,51707591.05,2068303642
2001,"SF Bay Area","San Carlos",USA,51354400,256772000
2001,Boston,Acton,USA,50997500,203990000
2001,Blackrock,Blackrock,IRL,50958896.61,50958896.61
2001,Shenzhen,Shenzhen,CHN,50000000,50000000
2001,Philadelphia,"Plymouth Meeting",USA,49122222,98244444
2001,Boston,Bedford,USA,48016714,144050142
2001,"Atlantic City","Egg Harbor Township",USA,47628901,47628901
2001,Sacramento,Folsom,USA,46953358,46953358
2001,Boston,Watertown,USA,46711742.75,186846971
2001,"SF Bay Area","Los Altos",USA,46386666.666666664,139160000
2001,Boston,Burlington,USA,46279175.375,370233403
2001,"SF Bay Area","South San Francisco",USA,45521141.4,227605707
2001,Newark,"Jersey City",USA,45250000,90500000
2001,"Kansas City",Lenexa,USA,45000000,45000000
2001,Brussels,Lochristi,BEL,44074955,44074955
2001,Frankfurt,Karlsruhe,DEU,43950000,87900000
2001,"Portland, Oregon",Beaverton,USA,43039475.4,215197377
2001,Bangalore,Bangalore,IND,42493666.6,637404999
2001,Boston,Westford,USA,41956904,83913808
2001,Boston,Framingham,USA,40875000,81750000
2001,Paris,Massy,FRA,40663845,40663845
2001,Raleigh,"Chapel Hill",USA,39991249.75,159964999
2001,"SF Bay Area",Fremont,USA,39081270.1,390812701
2001,Ãƒâ€°vry,Ã‰vry,FRA,39079461,39079461
2001,Dallas,Plano,USA,38068750,152275000
2001,"San Antonio","San Antonio",USA,37543713.666666664,112631141
2001,"SF Bay Area",Berkeley,USA,37363986.75,149455947
2001,Beijing,Beijing,CHN,37117569.76086956,1707408209
2001,"SF Bay Area","Menlo Park",USA,37016191.28571428,777340017
2001,"JPN - Other",China,JPN,36986666.666666664,110960000
2001,"SF Bay Area",Richmond,USA,36824722,36824722
2001,London,Reading,GBR,36525419,109576257
2001,"SF Bay Area","Redwood City",USA,36268826.777777776,979258323
2001,Newark,Princeton,USA,35117956.666666664,105353870
2001,Newark,Lyndhurst,USA,35000000,35000000
2001,Anaheim,Brea,USA,35000000,35000000
2001,"Los Angeles","Sherman Oaks",USA,34500000,34500000
2001,Wetherby,Wetherby,GBR,34200000,34200000
2001,Boston,Pembroke,USA,34000000,34000000
2001,"GBR - Other",Abertillery,GBR,33649083,33649083
2001,"San Diego","San Diego",USA,33326167.958333332,1599656062
2001,Dallas,Richardson,USA,33190239.5,132760958
2001,Hartford,"New Haven",USA,32848066.333333332,98544199
2001,"SF Bay Area","Mountain View",USA,32629477.92,1631473896
2001,"SF Bay Area",Pleasanton,USA,32600000,97800000
2001,"SF Bay Area","San Francisco",USA,32063987.08653846,6669309314
2001,"SF Bay Area","Santa Clara",USA,31976032.964285713,895328923
2001,Boston,Wilmington,USA,31670000,31670000
2001,Melbourne,"South Melbourne",AUS,31634312,31634312
2001,"Tel Aviv",Jerusalem,ISR,31560000,63120000
2001,"SF Bay Area",Campbell,USA,31533978.42857143,220737849
2001,"SF Bay Area","San Jose",USA,31489820,724265860
2001,"Long Island","Huntington Station",USA,30500000,30500000
2001,"Fuzhou Shi","Fuzhou Shi",CHN,30000000,30000000
2001,"IL - Other",Saybrook,USA,30000000,30000000
2001,London,Hayes,GBR,30000000,30000000
2001,"IRL - Other",Cree,IRL,29750000,29750000
2001,"ME - Other",Limington,USA,29500000,29500000
2001,"Charleston, South Carolina",Charleston,USA,29383487.333333332,88150462
2001,Boston,Cambridge,USA,28624095.35,1144963814
2001,"New Delhi",Noida,IND,28600000,28600000
2001,"Los Angeles",Glendale,USA,28488000,113952000
2001,Knoxville,Knoxville,USA,28364818,28364818
2001,Calgary,Calgary,CAN,28215123.14285714,197505862
2001,Louisville,Crestwood,USA,28029993.5,56059987
2001,Madison,Middleton,USA,27890167,27890167
2001,Newark,Shrewsbury,USA,27750000,27750000
2001,Pittsburgh,Pittsburgh,USA,27640805.866666667,414612088
2001,Boston,Lowell,USA,27550000,27550000
2001,Trenton,Trenton,USA,27230000,54460000
2001,Chennai,Chennai,IND,27183333.333333332,81550000
2001,Seattle,Bellevue,USA,26874637.90909091,295621017
2001,Yerevan,Yerevan,ARM,26517500,26517500
2001,"SF Bay Area","San Mateo",USA,26230717.93883871,813152256.104
2001,"SF Bay Area","San Bruno",USA,26040000,26040000
2001,"New Bedford",Foxboro,USA,26000000,26000000
2001,"Naples, Florida","Bonita Springs",USA,25000000,25000000
2001,Boston,Lexington,USA,24527939,122639695
2001,"SF Bay Area","Palo Alto",USA,24381515.0625,1170312723
2001,"SF Bay Area",Oakland,USA,24356428.57142857,170495000
2001,Cleveland,Westlake,USA,24306925,24306925
2001,Houston,Houston,USA,24276090.5,388417448
2001,"SF Bay Area","San Ramon",USA,24186000,48372000
2001,"SF Bay Area","Los Gatos",USA,23937809.25,95751237
2001,"Manchester, New Hampshire",Nashua,USA,23800000,23800000
2001,"San Diego","La Jolla",USA,23750941.714285713,166256592
2001,"Manchester, New Hampshire",Salem,USA,23660000,23660000
2001,"San Diego",Encinitas,USA,23386197,46772394
2001,"DEU - Other",GemÃ¼nden,DEU,22585000,22585000
2001,Denver,"Wheat Ridge",USA,22577724,45155448
2001,"Los Angeles","Culver City",USA,22575000,45150000
2001,Newark,Tenafly,USA,22500000,22500000
2001,Boston,Concord,USA,22294317,44588634
2001,Austin,Austin,USA,22199947.76470588,1132197336
2001,Minneapolis,"Saint Paul",USA,22018253.25,88073013
2001,"Manchester, New Hampshire",Lebanon,USA,21239129,63717387
2001,Seattle,Seattle,USA,21083483.618181817,1159591599
2001,London,Oxford,GBR,20446918,40893836
2001,Guangzhou,Guangzhou,CHN,20000000,40000000
2001,Chicago,Naperville,USA,20000000,20000000
2001,Albuquerque,Albuquerque,USA,19932595,19932595
2001,Elmira,Ithaca,USA,19807941.5,39615883
2001,Atlanta,Atlanta,USA,19656361.944444444,353814515
2001,"FRA - Other",Saint-louis-et-parahou,FRA,19567500,19567500
2001,Boston,Boston,USA,19532267.564102564,761758435
2001,Vantaa,Vantaa,FIN,19427954,19427954
2001,"Los Angeles",Pasadena,USA,19308220.75,77232883
2001,Philadelphia,Ambler,USA,19024912,19024912
2001,Seattle,Issaquah,USA,19000000,19000000
2001,Burnaby,Burnaby,CAN,18978344.5,37956689
2001,Paris,Paris,FRA,18904028.967206668,567120869.0162001
2001,Jacksonville,Jacksonville,USA,18666666.666666668,56000000
2001,"San Diego",Carlsbad,USA,18556071.42857143,129892500
2001,"NJ - Other","Mount Laurel",USA,18527468,18527468
2001,Taiwan,Taipei,TWN,18500000,37000000
2001,Martinsried,Martinsried,DEU,18001241.46,18001241.46
2001,Kalamazoo,Kalamazoo,USA,17522719.666666668,52568159
2001,London,Cambridge,GBR,17151626.14285714,120061383
2001,Philadelphia,"King Of Prussia",USA,17025000,17025000
2001,"TN - Other",Quebeck,USA,16925741,16925741
2001,"Tel Aviv",Herzliya,ISR,16574166.666666666,99445000
2001,"Salt Lake City",Provo,USA,16559537.333333334,49678612
2001,"Los Angeles",Torrance,USA,16400000,16400000
2001,Boston,Beverly,USA,16036000,16036000
2001,Salisbury,Cambridge,USA,16000000,16000000
2001,"Washington, D.C.",Reston,USA,15831860,94991160
2001,Bangkok,Bangkok,THA,15650000,31300000
2001,"SF Bay Area",Belmont,USA,15500000,15500000
2001,"Salt Lake City",Lindon,USA,15458196,15458196
2001,Vienna,Vienna,AUT,15450001,30900002
2001,"New York City","New York",USA,15413157.136125654,2943913013
2001,Denver,Golden,USA,15215000,30430000
2001,"Panama City","Panama City",PAN,15000000,15000000
2001,"BRA - Other",Colombo,BRA,15000000,15000000
2001,Philadelphia,Exton,USA,15000000,15000000
2001,"SWE - Other",Tullinge,SWE,14932985.36,14932985.36
2001,Raleigh,Raleigh,USA,14924220.5,149242205
2001,Newark,Morristown,USA,14732412,14732412
2001,"Washington, D.C.",Charlottesville,USA,14725782,29451564
2001,Vancouver,Vancouver,CAN,14503535.545454545,159538891
2001,Boston,Newton,USA,14390949,100736643
2001,"Colorado Springs","Colorado Springs",USA,14350000,28700000
2001,Hangzhou,Hangzhou,CHN,14340644.5,28681289
2001,"Salt Lake City",Logan,USA,14300000,14300000
2001,Chicago,Evanston,USA,14217800,42653400
2001,Boston,Maynard,USA,14200000,28400000
2001,Cologne,Cologne,DEU,14160456.5,28320913
2001,"NY - Other",Lisle,USA,14000000,14000000
2001,Guangdong,Guangdong,CHN,13708150,13708150
2001,Newark,Lakewood,USA,13600000,13600000
2001,Boston,Marlborough,USA,13500000,13500000
2001,Paris,Palaiseau,FRA,13463445,13463445
2001,"Washington, D.C.",Fairfax,USA,13362500,26725000
2001,"FRA - Other",Jouy-en-josas,FRA,13360000,13360000
2001,"Washington, D.C.",Mclean,USA,13350000,26700000
2001,"SF Bay Area",Cupertino,USA,13264285.714285715,92850000
2001,"Orange County, California",Tustin,USA,13261453,13261453
2001,Lyon,Lyon,FRA,13050251.666666666,39150755
2001,Manchester,Manchester,GBR,13022877.1352,65114385.676
2001,"Los Angeles","El Segundo",USA,12990153.5,25980307
2001,Boston,Lawrence,USA,12900000,12900000
2001,Berlin,Berlin,DEU,12899926.5,154799118
2001,Cleveland,Cleveland,USA,12840983,154091796
2001,"Washington, D.C.",Herndon,USA,12642370.666666666,37927112
2001,Toronto,Waterloo,CAN,12498929.666666666,74993578
2001,Boise,Boise,USA,12350050,24700100
2001,Anaheim,"Laguna Beach",USA,12300000,12300000
2001,Hartford,Westport,USA,12223533,36670599
2001,"Tel Aviv",Ra'anana,ISR,12200750,24401500
2001,Tampa,Clearwater,USA,12155000,12155000
2001,Brossard,Brossard,CAN,12100000,12100000
2001,London,"Leighton Buzzard",GBR,12060066,12060066
2001,"St. Louis","St Louis",USA,11864944,201704048
2001,"New Delhi","New Delhi",IND,11786251.875,94290015
2001,"Tel Aviv","Rosh Ha'ayin",ISR,11507512,34522536
2001,Nashville,Brentwood,USA,11433334.333333334,34300003
2001,Boston,Woburn,USA,11350939.333333334,68105636
2001,Philadelphia,Philadelphia,USA,11331428.57142857,79320000
2001,"Washington, D.C.",Bethesda,USA,11278464.8,56392324
2001,"GBR - Other",Winnersh,GBR,11176477,11176477
2001,Knoxville,"Oak Ridge",USA,11043722,11043722
2001,"Los Angeles","South Pasadena",USA,10600000,10600000
2001,Lyon,Ã‰cully,FRA,10562781,10562781
2001,"CA - Other","Moffett Field",USA,10500000,10500000
2001,Boston,Franklin,USA,10500000,10500000
2001,Toronto,Kitchener,CAN,10496225.666666666,31488677
2001,"Palm Beaches","Boca Raton",USA,10463503,41854012
2001,Tucson,Tucson,USA,10398705.75,83189646
2001,Tralee,Tralee,IRL,10348000,20696000
2001,Shenyang,Shenyang,CHN,10200000,10200000
2001,Bakersfield,"California City",USA,10200000,10200000
2001,"SF Bay Area",Burlingame,USA,10124385.666666666,60746314
2001,Austin,Georgetown,USA,10100000,10100000
2001,"SD - Other","Rapid City",USA,10097281,10097281
2001,Toronto,Toronto,CAN,10056809.130434783,231306610
2001,"Oklahoma City","Oklahoma City",USA,10055948,10055948
2001,Tallinn,Tallinn,EST,10000000,10000000
2001,"VT - Other",Williston,USA,10000000,10000000
2001,"BEL - Other",Genk,BEL,10000000,10000000
2001,"GBR - Other",Aldermaston,GBR,10000000,10000000
2001,Sacramento,"El Dorado Hills",USA,10000000,10000000
2001,"SF Bay Area","Portola Valley",USA,9999999,9999999
2001,Raleigh,Durham,USA,9840275.866666667,147604138
2001,Newbury,Newbury,GBR,9513175,9513175
2001,"Florida's Space Coast","Melbourne Beach",USA,9500000,9500000
2001,Milan,Milan,ITA,9500000,9500000
2001,"Sao Paulo","SÃ£o Paulo",BRA,9417689.909090908,103594589
2001,Anaheim,"Newport Beach",USA,9387402,18774804
2001,Baltimore,Baltimore,USA,9364499.818181818,103009498
2001,"CHN - Other",Jinhua,CHN,9300000,9300000
2001,Bhubaneswar,Bhubaneswar,IND,9200000,9200000
2001,"Washington, D.C.",Washington,USA,9176562.07142857,128471869
2001,Dallas,Mckinney,USA,9019109,9019109
2001,Jerusalem,"Bet Shemesh",ISR,9000000,9000000
2001,Denver,"Greenwood Village",USA,8986842,8986842
2001,Baltimore,Columbia,USA,8741666.666666666,26225000
2001,Dallas,Dallas,USA,8553804.888888888,76984244
2001,Daresbury,Daresbury,GBR,8544094,17088188
2001,Cincinnati,"West Chester",USA,8500000,8500000
2001,Dublin,Dublin,IRL,8438662.317777777,151895921.72
2001,"Los Angeles","Santa Fe Springs",USA,8250080,8250080
2001,Bristol,Bristol,GBR,8243556,16487112
2001,Runcorn,Runcorn,GBR,8242881,16485762
2001,Richmond,Richmond,USA,8220000,8220000
2001,Lulea,LuleÃ¥,SWE,8186733,8186733
2001,"NE - Other",Imperial,USA,8135000,8135000
2001,"Los Angeles",Venice,USA,8100000,8100000
2001,Houston,"Missouri City",USA,8000000,8000000
2001,Boston,Somerville,USA,8000000,8000000
2001,Munich,Munich,DEU,7917500,31670000
2001,Ottawa,Ottawa,CAN,7900264.625,63202117
2001,"Salt Lake City","Salt Lake City",USA,7885000,39425000
2001,"Buenos Aires","Buenos Aires",ARG,7847838.142857143,54934867
2001,Denver,Denver,USA,7833348.368421053,148833619
2001,Montreal,MontrÃ©al,CAN,7823703.3,78237033
2001,Cincinnati,Cincinnati,USA,7794898.615384615,101333682
2001,"DNK - Other",Fredensborg,DNK,7704358,7704358
2001,Toronto,Whitby,CAN,7650000,7650000
2001,Detroit,"Ann Arbor",USA,7604765.076923077,98861946
2001,Hyderabad,Hyderabad,IND,7540000,30160000
2001,Philadelphia,Souderton,USA,7533014,7533014
2001,Staines-upon-thames,Staines-upon-thames,GBR,7500000,7500000
2001,Minneapolis,Northfield,USA,7457000,7457000
2001,Atlanta,Duluth,USA,7415000,7415000
2001,Coventry,Coventry,GBR,7368161,14736322
2001,"Los Angeles","Manhattan Beach",USA,7316666.666666667,21950000
2001,London,London,GBR,7168054.611167312,666629078.83856
2001,Chicago,Itasca,USA,7131124,7131124
2001,Miami,Miami,USA,7119456.2727272725,78314019
2001,"NJ - Other",Lawrenceville,USA,7100000,14200000
2001,Boston,Natick,USA,7045397,7045397
2001,"Tel Aviv",Haifa,ISR,7000000,14000000
2001,"CA - Other",Freedom,USA,7000000,7000000
2001,Bucharest,Bucharest,ROM,7000000,7000000
2001,Detroit,Detroit,USA,6809333,6809333
2001,Boston,Ayer,USA,6800004,6800004
2001,"MA - Other",Lenox,USA,6795451,6795451
2001,"New York City","Mount Kisco",USA,6750000,6750000
2001,"DEU - Other",Leopoldshafen,DEU,6747501,6747501
2001,Indianapolis,Indianapolis,USA,6704840.666666667,100572610
2001,"Grand Rapids","Grand Rapids",USA,6691250,26765000
2001,Denver,Aurora,USA,6581512,19744536
2001,Detroit,Troy,USA,6536500,13073000
2001,Providence,Cumberland,USA,6513865,6513865
2001,Minneapolis,"Eden Prairie",USA,6421353,6421353
2001,Dresden,Dresden,DEU,6346880,6346880
2001,"GBR - Other",Forres,GBR,6321095,6321095
2001,Bath,Bath,GBR,6061005,6061005
2001,Seattle,Kenmore,USA,6002697,6002697
2001,Dallas,Allen,USA,6000000,6000000
2001,Chicago,"Rolling Meadows",USA,6000000,6000000
2001,Newark,"South Plainfield",USA,6000000,6000000
2001,"Albany, New York","East Greenbush",USA,6000000,6000000
2001,Atlanta,Roswell,USA,5980157.5,11960315
2001,"Ft. Lauderdale","Fort Lauderdale",USA,5841866,17525598
2001,Antwerp,Antwerp,BEL,5838760.322333333,17516280.967
2001,Montpellier,Montpellier,FRA,5828467,17485401
2001,Melbourne,Melbourne,AUS,5762323,40336261
2001,Seattle,Bellingham,USA,5705841,5705841
2001,Cleveland,Twinsburg,USA,5700000,5700000
2001,Hartford,Greenwich,USA,5682737,5682737
2001,"Kansas City","Overland Park",USA,5655000,11310000
2001,Hagerstown,Damascus,USA,5612500,5612500
2001,Seattle,Kirkland,USA,5604957.4,28024787
2001,"Los Angeles","Los Angeles",USA,5582977.222222222,150740385
2001,"Los Angeles","Laguna Hills",USA,5568555.5,11137111
2001,Zurich,Zug,CHE,5566666.666666667,16700000
2001,Stockholm,Stockholm,SWE,5536740.7855555555,49830667.07
2001,Paris,Saint-cloud,FRA,5530000,5530000
2001,Indianapolis,Carmel,USA,5515925,11031850
2001,Perth,Subiaco,AUS,5457252.5,10914505
2001,"MN - Other","Beaver Creek",USA,5456000,5456000
2001,Honolulu,Honolulu,USA,5257963,21031852
2001,Chicago,Romeoville,USA,5200000,5200000
2001,Nashville,Franklin,USA,5147042,15441126
2001,"Los Angeles",Altadena,USA,5100000,5100000
2001,London,Abingdon,GBR,5073408,5073408
2001,Medford,Ashland,USA,5007614,5007614
2001,Dayton,Dayton,USA,5000000,5000000
2001,Boston,"North Billerica",USA,5000000,5000000
2001,Chandigarh,Chandigarh,IND,5000000,5000000
2001,Tampa,"St. Petersburg",USA,5000000,5000000
2001,Sydney,"Surry Hills",AUS,5000000,5000000
2001,"Palm Beaches","West Palm Beach",USA,5000000,5000000
2001,"Los Angeles","Beverly Hills",USA,4989749.4,24948747
2001,Pittsburgh,Wexford,USA,4979639,4979639
2001,Philadelphia,Conshohocken,USA,4932744,9865488
2001,"IRL - Other",Louth,IRL,4826548.16,4826548.16
2001,Indianapolis,Fishers,USA,4750000,4750000
2001,"DNK - Other","Kongens Lyngby",DNK,4710960,4710960
2001,"Washington, D.C.",Rockville,USA,4670900.222222222,42038102
2001,"SC - Other",Texas,USA,4579000,9158000
2001,London,Horsham,GBR,4545754,4545754
2001,"Tel Aviv","Tel Aviv",ISR,4537968.608695652,104373278
2001,Tokyo,Tokyo,JPN,4518520.5,27111123
2001,"Akron - Canton",Wooster,USA,4500000,4500000
2001,"South Bend",Mishawaka,USA,4500000,4500000
2001,"Santa Barbara",Moorpark,USA,4475000,4475000
2001,Philadelphia,Paoli,USA,4439407,4439407
2001,Stuttgart,Stuttgart,DEU,4412062,8824124
2001,"New Delhi",Gurgaon,IND,4402786.714285715,30819507
2001,Hartford,Fairfield,USA,4400000,4400000
2001,Geneva,Geneva,CHE,4334791.5,8669583
2001,"Springfield, Illinois",Champaign,USA,4331989.5,8663979
2001,Denver,Englewood,USA,4301875,8603750
2001,"Santa Barbara","Santa Barbara",USA,4299379.6,21496898
2001,Budapest,Budapest,HUN,4293545.00715,8587090.0143
2001,"Grand Junction",Durango,USA,4238225,4238225
2001,Mumbai,Mumbai,IND,4212916.666666667,50555000
2001,Barcelona,Barcelona,ESP,4201829.581889375,67229273.31023
2001,"Tel Aviv","Petah Tiqva",ISR,4170000,12510000
2001,Paris,Levallois-perret,FRA,4094392,4094392
2001,"The Hague","Den Haag",NLD,4088548,4088548
2001,Philadelphia,Reading,USA,4035000,4035000
2001,"Akron - Canton",Akron,USA,4033663.3333333335,12100990
2001,Boston,Boxborough,USA,4025000,4025000
2001,Carthage,Carthage,USA,4015000,4015000
2001,"Tel Aviv","Kfar Saba",ISR,4000000,4000000
2001,"Kansas City",Leawood,USA,4000000,4000000
2001,Boston,Sudbury,USA,3900000,3900000
2001,"TX - Other",Amarillo,USA,3900000,3900000
2001,Providence,Providence,USA,3804316.6,19021583
2001,"Washington, D.C.",Sterling,USA,3787500,7575000
2001,Liverpool,Liverpool,GBR,3752720,7505440
2001,Atlanta,Marietta,USA,3730000,3730000
2001,Dallas,Addison,USA,3724750,7449500
2001,"Salt Lake City","Park City",USA,3715133,3715133
2001,Chattanooga,Chattanooga,USA,3684333.3333333335,11053000
2001,Denver,Morrison,USA,3672448,3672448
2001,Halifax,Halifax,CAN,3629230.6,18146153
2001,Stuttgart,TÃ¼bingen,DEU,3572446,3572446
2001,Chicago,Northbrook,USA,3550000,3550000
2001,Copenhagen,Copenhagen,DNK,3512080.875,28096647
2001,"AZ - Other","Colorado City",USA,3500000,3500000
2001,Kolkata,Kolkata,IND,3500000,3500000
2001,"Palm Beaches",Jupiter,USA,3500000,3500000
2001,Anchorage,Anchorage,USA,3496554,3496554
2001,"Las Vegas",Henderson,USA,3483333.3333333335,10450000
2001,"New York City",Brooklyn,USA,3423038.5,34230385
2001,Anaheim,"Aliso Viejo",USA,3400000,6800000
2001,"Grand Rapids","Grand Haven",USA,3387542,3387542
2001,Fresno,Fresno,USA,3350000,3350000
2001,Scranton,Montoursville,USA,3343000,3343000
2001,"Los Angeles","Canyon Country",USA,3313907,3313907
2001,Philadelphia,Malvern,USA,3200000,3200000
2001,Gothenburg,Gothenburg,SWE,3180000,3180000
2001,Boston,Wellesley,USA,3160517.6666666665,9481553
2001,"IRL - Other",Ennis,IRL,3160000,3160000
2001,Nashville,Nashville,USA,3156018.5454545454,34716204
2001,"Tel Aviv","Ness Ziona",ISR,3150000,6300000
2001,"Santa Barbara",Carpinteria,USA,3100000,3100000
2001,Philadelphia,Wayne,USA,3100000,6200000
2001,Denver,Boulder,USA,3047122.714285714,42659718
2001,"Des Moines","Des Moines",USA,3042500,12170000
2001,"AUS - Other",Bundoora,AUS,3007428.348,3007428.348
2001,Sacramento,Roseville,USA,3000000,3000000
2001,"SF Bay Area",Saratoga,USA,3000000,3000000
2001,"Tel Aviv","Ramat Gan",ISR,3000000,9000000
2001,Boston,Andover,USA,3000000,3000000
2001,Shreveport,"Bossier City",USA,3000000,3000000
2001,"BC - Other",Richmond,CAN,3000000,3000000
2001,Royston,Royston,GBR,3000000,3000000
2001,Hartford,Oxford,USA,3000000,3000000
2001,"CHN - Other",Haidian,CHN,3000000,3000000
2001,"OK - Other",Ardmore,USA,2900150,2900150
2001,"NOR - Other",Fredrikstad,NOR,2900000,2900000
2001,Denver,Westminster,USA,2896246,5792492
2001,"New Orleans","New Orleans",USA,2892500,5785000
2001,Bozeman,Bozeman,USA,2890000,2890000
2001,Toronto,Vaughan,CAN,2876820.61405,5753641.2281
2001,Geneva,Plan-les-ouates,CHE,2842048,2842048
2001,Jakarta,Jakarta,IDN,2787500,11150000
2001,Jounie,JoÃ¼niÃ©,LBN,2750000,2750000
2001,Tampa,"Palm Harbor",USA,2700000,2700000
2001,Detroit,"Royal Oak",USA,2687217,5374434
2001,Lexington,Lexington,USA,2680000,5360000
2001,"RUS - Other",Miass,RUS,2670000,2670000
2001,Hartford,Branford,USA,2638750,5277500
2001,Orlando,Orlando,USA,2616699,5233398
2001,Newcastle,"Newcastle Upon Tyne",GBR,2601885,2601885
2001,"FRA - Other",Romainville,FRA,2600000,2600000
2001,"Portland, Oregon",Portland,USA,2576688,41227008
2001,Frankfurt,Frankfurt,DEU,2515957.1222,5031914.2444
2001,"Des Moines",Ankeny,USA,2500000,2500000
2001,Buffalo,Buffalo,USA,2500000,5000000
2001,"Napa Valley","Santa Rosa",USA,2500000,5000000
2001,"Los Angeles",Chatsworth,USA,2500000,2500000
2001,Missoula,Missoula,USA,2500000,2500000
2001,Raleigh,Morrisville,USA,2464333.3333333335,7393000
2001,Omaha,Omaha,USA,2460000,7380000
2001,"WA - Other",Stevenson,USA,2374979,2374979
2001,"Cedar Rapids",Coralville,USA,2373920,2373920
2001,Porto,Porto,PRT,2363980.5,9455922
2001,"WA - Other","Fall City",USA,2358985,2358985
2001,Anaheim,"Huntington Beach",USA,2350000,4700000
2001,Denver,Centennial,USA,2348275,4696550
2001,Paris,Boulogne-billancourt,FRA,2341825,4683650
2001,Turku,Turku,FIN,2328850,4657700
2001,Vancouver,"North Vancouver",CAN,2320000,2320000
2001,"GBR - Other",Farnsfield,GBR,2310008,2310008
2001,"SF Bay Area",Dublin,USA,2300000,2300000
2001,Atlanta,Lilburn,USA,2300000,2300000
2001,"CHE - Other",Zurich,CHE,2300000,2300000
2001,Linkoping,LinkÃ¶ping,SWE,2291426,4582852
2001,"Des Moines",Urbandale,USA,2275000,4550000
2001,"Fort Wayne","Fort Wayne",USA,2262148,4524296
2001,"Little Rock","Little Rock",USA,2250000,6750000
2001,Nottingham,Nottingham,GBR,2250000,2250000
2001,Madison,Madison,USA,2225497.75,8901991
2001,Grenoble,Grenoble,FRA,2145715,2145715
2001,Gothenburg,GÃ¶teborg,SWE,2143166.6666666665,6429500
2001,Hartford,Stamford,USA,2123333.3333333335,12740000
2001,"Las Vegas","Las Vegas",USA,2120000,4240000
2001,"BEL - Other",Heist-op-den-berg,BEL,2100000,2100000
2001,Perth,Perth,AUS,2100000,2100000
2001,"Albany, New York",Schenectady,USA,2056426,2056426
2001,Baltimore,Woodbine,USA,2050000,2050000
2001,Toronto,Mississauga,CAN,2000000,2000000
2001,Denver,Lafayette,USA,2000000,2000000
2001,Harrisburg,"York Haven",USA,2000000,2000000
2001,"Washington, D.C.","Chevy Chase",USA,2000000,2000000
2001,"AUS - Other","Peregian Beach",AUS,2000000,2000000
2001,"The Hague",Delft,NLD,2000000,2000000
2001,"DNK - Other",SÃ¸nderborg,DNK,1998000,1998000
2001,"ITA - Other",Sassari,ITA,1969350,1969350
2001,Phoenix,Mesa,USA,1946775,1946775
2001,Clermont-ferrand,Clermont-ferrand,FRA,1940000,1940000
2001,"Los Angeles","Thousand Oaks",USA,1918089,1918089
2001,Hartford,Waterbury,USA,1878538,1878538
2001,Dubendorf,Dubendorf,CHE,1856869,1856869
2001,Stockholm,Kista,SWE,1839190,3678380
2001,Helsinki,Helsinki,FIN,1819113.355,16372020.195
2001,Minneapolis,Burnsville,USA,1812500,3625000
2001,Neuilly-sur-seine,Neuilly-sur-seine,FRA,1770000,1770000
2001,Zurich,ZÃ¼rich,CHE,1711831.75,6847327
2001,Madrid,Madrid,ESP,1705177,10231062
2001,Boston,Quincy,USA,1700000,5100000
2001,Krakow,KrakÃ³w,POL,1700000,1700000
2001,Santander,Santander,ESP,1700000,1700000
2001,Nairobi,Nairobi,KEN,1700000,1700000
2001,"Lafayette, Louisiana",Lafayette,USA,1700000,1700000
2001,"Akron - Canton",Canton,USA,1693138,1693138
2001,"Tel Aviv",Lod,ISR,1650000,1650000
2001,"NY - Other",Chappaqua,USA,1650000,1650000
2001,"Charleston, South Carolina","Mount Pleasant",USA,1643849,1643849
2001,Newark,"Woodcliff Lake",USA,1635000,3270000
2001,"Salem, Oregon",Corvallis,USA,1633000,1633000
2001,Helsinki,Espoo,FIN,1632110.3333333333,4896331
2001,"Manchester, New Hampshire",Bedford,USA,1600000,1600000
2001,Netanya,Netanya,ISR,1600000,3200000
2001,"Ontario - Inland Empire",Walnut,USA,1600000,1600000
2001,"Salt Lake City",Draper,USA,1552627,1552627
2001,"CHE - Other","Saint Gallen",CHE,1550000,1550000
2001,Belfast,Belfast,GBR,1515251,1515251
2001,"Florida's Treasure Coast","Palm City",USA,1500010,1500010
2001,Houston,Pearland,USA,1500000,1500000
2001,"Long Island",Copiague,USA,1500000,1500000
2001,Phoenix,Tempe,USA,1500000,1500000
2001,"IDN - Other",Setiabudi,IDN,1500000,1500000
2001,"AUS - Other",Wayville,AUS,1500000,1500000
2001,Newark,Bernardsville,USA,1500000,1500000
2001,"Los Angeles",Malibu,USA,1500000,1500000
2001,"ND - Other",Wyndmere,USA,1500000,1500000
2001,Detroit,Southfield,USA,1500000,1500000
2001,Atlanta,Cumming,USA,1495000,1495000
2001,"FRA - Other","Le Petit Paris",FRA,1476100,1476100
2001,Gatineau,Gatineau,CAN,1474718,1474718
2001,Istanbul,Istanbul,TUR,1469257.8333333333,8815547
2001,"PA - Other",Indiana,USA,1440000,1440000
2001,ItÃƒÂ¡,ItÃ¡,BRA,1415260,1415260
2001,Paris,Lille,FRA,1404166.5,2808333
2001,Nice,Mougins,FRA,1394250,1394250
2001,Tampa,Tampa,USA,1383759.6,6918798
2001,Cork,Cork,IRL,1331946,2663892
2001,"Eight Mile Plains","Eight Mile Plains",AUS,1313760,1313760
2001,Ballerup,Ballerup,DNK,1299826,1299826
2001,"Tel Aviv",Holon,ISR,1298798,1298798
2001,"GBR - Other",Cheadle,GBR,1260228,1260228
2001,Chicago,Willowbrook,USA,1257588,2515176
2001,Phoenix,Chandler,USA,1250000,1250000
2001,"Tel Aviv","Petah Tiqwa",ISR,1250000,1250000
2001,"Palm Springs","Palm Springs",USA,1243750,1243750
2001,Roncade,Roncade,ITA,1236454,1236454
2001,"BEL - Other",Aalst,BEL,1231629,1231629
2001,"Grand Rapids",Ada,USA,1200378,1200378
2001,Bahamas,Nassau,BAH,1200000,1200000
2001,"Mexico City","Mexico City",MEX,1200000,1200000
2001,"Manchester, New Hampshire",Manchester,USA,1199000,2398000
2001,Omaha,Lincoln,USA,1180000,3540000
2001,"NZL - Other",Raglan,NZL,1172067.292,1172067.292
2001,"FRA - Other",Cesson-sÃ©vignÃ©,FRA,1168005,1168005
2001,"SF Bay Area",Alameda,USA,1165824,1165824
2001,"Orange County, California","San Juan Capistrano",USA,1150000,2300000
2001,"MT - Other",Corvallis,USA,1147396,1147396
2001,"WI - Other",Sherwood,USA,1132500,1132500
2001,Fargo,Fargo,USA,1131250,1131250
2001,"San Diego","Del Mar",USA,1125172,2250344
2001,"Los Angeles","Westlake Village",USA,1125000,2250000
2001,Trondheim,Trondheim,NOR,1120000,1120000
2001,"Columbus, Ohio",Columbus,USA,1110780,7775460
2001,Aarhus,Aarhus,DNK,1101315.888,1101315.888
2001,"KS - Other","Wa Keeney",USA,1100000,1100000
2001,"SF Bay Area",Sausalito,USA,1100000,1100000
2001,Huntsville,Madison,USA,1100000,1100000
2001,"Baton Rouge","Baton Rouge",USA,1099271,2198542
2001,Roanoke,Danville,USA,1080959,1080959
2001,Baltimore,"Severna Park",USA,1080000,1080000
2001,"Nizhniy Novgorod","Nizhniy Novgorod",RUS,1079000,1079000
2001,Nice,Valbonne,FRA,1054991,1054991
2001,"Fort Collins","Fort Collins",USA,1050000,2100000
2001,Eugene,Eugene,USA,1037500,2075000
2001,"IRL - Other",Leopardstown,IRL,1021575,1021575
2001,Timisoara,Timisoara,ROM,1000000,1000000
2001,Seattle,Woodinville,USA,1000000,1000000
2001,Moncton,Moncton,CAN,1000000,1000000
2001,"DEU - Other",Paderborn,DEU,1000000,1000000
2001,"Salt Lake City",Tremonton,USA,1000000,1000000
2001,Binton,Binton,GBR,1000000,1000000
2001,"New York City",Tarrytown,USA,1000000,1000000
2001,Boston,Danvers,USA,1000000,1000000
2001,"Cedar Rapids","Cedar Falls",USA,1000000,1000000
2001,"ID - Other",Mesa,USA,1000000,1000000
2001,Lansing,"East Lansing",USA,1000000,1000000
2001,Providence,Newport,USA,1000000,1000000
2001,"Wilmington, Delaware",Wilmington,USA,988296,1976592
2001,Brussels,Bel,BEL,966728,966728
2001,Sheffield,Sheffield,GBR,951900.5595,1903801.119
2001,"St. John's","St. John's",CAN,944823,944823
2001,Gainesville,Gainesville,USA,942401,2827203
2001,Edmonton,Edmonton,CAN,935178,1870356
2001,Seattle,Redmond,USA,925000,925000
2001,Brussels,Brussels,BEL,917052.5,1834105
2001,Lisbon,Lisboa,PRT,909161,909161
2001,Cairo,Cairo,EGY,877500,1755000
2001,Brussels,Louvain-la-neuve,BEL,877171.5,1754343
2001,"South Bend","South Bend",USA,820000,820000
2001,Phoenix,Scottsdale,USA,816391.6666666666,7347525
2001,"ID - Other",Hayden,USA,808825,808825
2001,Montreal,Pointe-claire,CAN,800000,800000
2001,Boston,Medford,USA,800000,800000
2001,"BC - Other",Creston,CAN,800000,800000
2001,"Rochester, New York",Rochester,USA,775000,1550000
2001,"Los Angeles",Encino,USA,775000,775000
2001,"Las Palmas De Gran Canaria","Las Palmas De Gran Canaria",ESP,761234.4732,761234.4732
2001,"Kansas City",Olathe,USA,760000,760000
2001,"Albany, New York","Saratoga Springs",USA,750000,750000
2001,"WA - Other",Pullman,USA,750000,750000
2001,Indianapolis,Brownsburg,USA,750000,750000
2001,Eugene,Bend,USA,700000,1400000
2001,Montpelier,Burlington,USA,700000,700000
2001,"SF Bay Area","Walnut Creek",USA,669750,1339500
2001,"OH - Other",Amsterdam,USA,669209,669209
2001,"SWE - Other",HÃ¤rnÃ¶sand,SWE,661000,661000
2001,Warwick,Warwick,GBR,643000,643000
2001,Edinburgh,Edinburgh,GBR,632052.25,2528209
2001,Seoul,Seoul,KOR,627051.75,2508207
2001,"A Coruna","A CoruÃ±a",ESP,617291,617291
2001,"CA - Other",Sutter,USA,615000,615000
2001,"Tel Aviv","Tel Aviv-yafo",ISR,603333.3333333334,1810000
2001,Milwaukee,Milwaukee,USA,600000,600000
2001,Newark,"North Brunswick",USA,600000,600000
2001,Fayetteville,Rogers,USA,600000,600000
2001,Hartford,Farmington,USA,600000,600000
2001,"GBR - Other",Newcastle,GBR,591346,591346
2001,Phoenix,Phoenix,USA,570206.3333333334,3421238
2001,Toledo,Clyde,USA,565000,565000
2001,"Grand Rapids",Belmont,USA,552300,552300
2001,Hartford,"East Hartford",USA,550000,550000
2001,"Manchester, New Hampshire",Derry,USA,550000,550000
2001,"MA - Other","Plymouth Meeting",USA,550000,550000
2001,Pisa,Pisa,ITA,539007,539007
2001,"WA - Other",Kennewick,USA,525000,525000
2001,"DNK - Other",TÃ¸nder,DNK,520833,520833
2001,Boston,Winchester,USA,505200,505200
2001,"Manchester, New Hampshire",Concord,USA,505000,505000
2001,Orlando,Longwood,USA,503000,503000
2001,"Manchester, New Hampshire","Hampton Falls",USA,500000,500000
2001,Vilnius,Vilnius,LTU,500000,500000
2001,"SF Bay Area",Millbrae,USA,500000,500000
2001,Dayton,Middletown,USA,500000,500000
2001,"Napa Valley",Petaluma,USA,500000,500000
2001,"DEU - Other",Deutsch,DEU,500000,500000
2001,Hartford,"Mansfield Center",USA,486000,486000
2001,Stockholm,Uppsala,SWE,485841.2451,485841.2451
2001,"DÃƒÂºn Laoghaire","DÃºn Laoghaire",IRL,483410,483410
2001,"Portland, Maine",Portland,USA,475000,950000
2001,Birmingham,Birmingham,USA,474500,949000
2001,Sydney,Milton,AUS,467289,467289
2001,"Orange County, California","Santa Ana",USA,450000,450000
2001,Raleigh,Cary,USA,450000,450000
2001,"Los Angeles","West Hollywood",USA,445000,890000
2001,"BRA - Other",Sorocaba,BRA,442457,442457
2001,Cwmbran,Cwmbran,GBR,441000,441000
2001,"WA - Other",Richland,USA,440000,440000
2001,Dubai,Dubai,ARE,437249.75,1748999
2001,"GBR - Other",Kidderminster,GBR,430548,430548
2001,Rome,Rome,ITA,425975,425975
2001,Houston,Stafford,USA,424999,424999
2001,"MO - Other","O Fallon",USA,410000,410000
2001,"Kansas City",Independence,USA,400000,400000
2001,"CHE - Other",Renens,CHE,400000,400000
2001,Hartford,Groton,USA,390000,390000
2001,Girona,Girona,ESP,386483,386483
2001,Macclesfield,Macclesfield,GBR,383006,383006
2001,Brisbane,Brisbane,AUS,383000,383000
2001,Louisville,Louisville,USA,375000,375000
2001,Boston,Needham,USA,375000,375000
2001,Delhi,Delhi,IND,374090,748180
2001,"New York City",Highland,USA,360000,360000
2001,London,Guildford,GBR,358443,358443
2001,"Cordoba, ARG",CÃ³rdoba,ARG,350000,350000
2001,Atlanta,Suwanee,USA,350000,350000
2001,Worcester,Worcester,GBR,329695,329695
2001,Mauritius,"Port Louis Town",MUS,329122,329122
2001,"St. Louis",Columbia,USA,328000,328000
2001,"PRT - Other",Faro,PRT,328000,328000
2001,Pune,Pune,IND,316666.6666666667,950000
2001,Atlanta,"Peachtree City",USA,300000,300000
2001,Philadelphia,Jenkintown,USA,300000,300000
2001,"Lake Tahoe",Truckee,USA,300000,300000
2001,Indianapolis,"West Lafayette",USA,297000,594000
2001,"AR - Other",England,USA,282355,282355
2001,Valencia,Valencia,ESP,280492,1121968
2001,"Napa Valley",Sonoma,USA,280000,280000
2001,"Greenville - Spartanburg",Greenville,USA,280000,280000
2001,Newark,"Red Bank",USA,279000,558000
2001,Tirana,Tirana,ALB,276744.1287,276744.1287
2001,Bidart,Bidart,FRA,276500,553000
2001,Hartford,Darien,USA,275000,275000
2001,Phoenix,Peoria,USA,273186,273186
2001,"IRL - Other",Athlone,IRL,272000,272000
2001,"Portland, Oregon","Lake Oswego",USA,270000,810000
2001,Syracuse,Rome,USA,269344,269344
2001,Galway,Galway,IRL,263400,263400
2001,Seattle,Shoreline,USA,250000,250000
2001,Lisbon,Lisbon,PRT,250000,250000
2001,"AB - Other","Fort Mcmurray",CAN,250000,250000
2001,Asheville,Asheville,USA,250000,250000
2001,"Los Angeles","Rolling Hills Estates",USA,250000,250000
2001,Nashville,Goodlettsville,USA,250000,250000
2001,"VA - Other",Purcellville,USA,250000,250000
2001,"Grand Junction","Grand Junction",USA,250000,250000
2001,"CHE - Other",Balerna,CHE,250000,250000
2001,Orlando,Kissimmee,USA,250000,250000
2001,"NC - Other",Denver,USA,250000,250000
2001,Chicago,Barrington,USA,250000,250000
2001,Warsaw,Warsaw,POL,250000,250000
2001,Miami,Aventura,USA,225000,225000
2001,Boston,Newbury,USA,225000,225000
2001,Swansea,Swansea,GBR,215539,215539
2001,Lima,Lima,PER,211116,422232
2001,"FRA - Other",Voisins-le-bretonneux,FRA,205032,205032
2001,"BEL - Other",FerriÃ¨res,BEL,204189,204189
2001,Boston,Hingham,USA,200000,200000
2001,"FRA - Other",Tours-en-vimeu,FRA,200000,200000
2001,"Ontario - Inland Empire",Temecula,USA,200000,200000
2001,Utrecht,Breukelen,NLD,200000,200000
2001,Stoke-on-trent,Stoke-on-trent,GBR,195072,195072
2001,Baltimore,"Owings Mills",USA,185000,185000
2001,"BEL - Other",Nivelles,BEL,180187,180187
2001,Paris,Saint-prix,FRA,178559,178559
2001,Minneapolis,Eagan,USA,166000,166000
2001,Amman,Amman,JOR,160000,160000
2001,"Rio de Janeiro","Rio De Janeiro",BRA,157255.5,629022
2001,Lansing,Jackson,USA,157000,157000
2001,Chester,Chester,GBR,151978,151978
2001,"SF Bay Area","Scotts Valley",USA,150000,150000
2001,"PA - Other",Bellefonte,USA,150000,150000
2001,Greensboro,Burlington,USA,150000,150000
2001,"Albany, New York",Queensbury,USA,150000,150000
2001,Dallas,"Flower Mound",USA,150000,150000
2001,"FRA - Other",Biziat,FRA,149549,149549
2001,"EGY - Other","6 October City",EGY,145000,145000
2001,Anaheim,"Costa Mesa",USA,140000,140000
2001,Minneapolis,Plymouth,USA,137500,137500
2001,Perm,Yekaterinburg,RUS,135000,270000
2001,Bolzano,Bolzano,ITA,133620,133620
2001,Minneapolis,Minnetonka,USA,132500,132500
2001,Harrisburg,Carlisle,USA,130000,130000
2001,Nantes,Nantes,FRA,129679,129679
2001,Groningen,Groningen,NLD,126457.4218,126457.4218
2001,Newark,Parsippany,USA,125000,125000
2001,"New York City","New City",USA,125000,125000
2001,Orlando,Casselberry,USA,125000,125000
2001,Luxemburg,Luxembourg,LUX,124690,124690
2001,"CZE - Other",Pardubice,CZE,122738,122738
2001,Melbourne,Prahran,AUS,121000,121000
2001,"SF Bay Area",Newark,USA,120000,120000
2001,"RUS - Other",Zelenograd,RUS,117994,117994
2001,Brussels,Ghent,BEL,112267.33333333333,336802
2001,Austin,"Cedar Park",USA,100000,100000
2001,"Washington, D.C.","Southern Md Facility",USA,100000,100000
2001,Boston,Dedham,USA,100000,100000
2001,Kazan,Kazan,RUS,100000,100000
2001,Newark,"Fort Lee",USA,100000,100000
2001,Minneapolis,Excelsior,USA,100000,100000
2001,Seminole,Seminole,USA,97500,97500
2001,Kent,Kent,GBR,95445,95445
2001,Bogota,BogotÃ¡,COL,93819.5,187639
2001,"Rio de Janeiro","Belo Horizonte",BRA,90000,90000
2001,Prague,Prague,CZE,88260,176520
2001,"Manchester, New Hampshire",Rochester,USA,83606,83606
2001,Newark,Allendale,USA,80000,80000
2001,"LBN - Other",Tyre,LBN,80000,80000
2001,"KOR - Other",Dongan,KOR,75318,75318
2001,Newark,Hoboken,USA,75000,75000
2001,Surbiton,Surbiton,GBR,73785,147570
2001,"Idaho Falls","American Falls",USA,70000,70000
2001,Iasi,Iasi,ROM,70000,70000
2001,Brentford,Brentford,GBR,63906,63906
2001,Sofia,Sofia,BGR,60939.621585,121879.24317
2001,Roanoke,Blacksburg,USA,60000,60000
2001,Novosibirsk,Novosibirsk,RUS,60000,60000
2001,Santiago,Santiago,CHL,57332.6,859989
2001,"Los Angeles",Northridge,USA,55000,55000
2001,"SF Bay Area",Stanford,USA,50000,50000
2001,"Columbus, Ohio",Dublin,USA,50000,50000
2001,"Myrtle Beach","Myrtle Beach",USA,50000,50000
2001,"Washington, D.C.",Arlington,USA,50000,50000
2001,Dallas,"Little Elm",USA,50000,50000
2001,"Washington, D.C.",Chantilly,USA,50000,50000
2001,Recife,Recife,BRA,50000,50000
2001,"BRA - Other","JoÃ£o Pessoa",BRA,50000,50000
2001,"ESP - Other","Puerto De La Cruz",ESP,47000,47000
2001,Santiago,"Las Condes",CHL,40000,80000
2001,Minneapolis,Bloomington,USA,40000,40000
2001,"CHL - Other","Puerto Varas",CHL,40000,40000
2001,"CA - Other","Potter Valley",USA,40000,40000
2001,Kiev,Kyiv,UKR,40000,40000
2001,Dhaka,Dhaka,BGD,40000,40000
2001,Santiago,Providencia,CHL,40000,40000
2001,Rome,Roma,ITA,32521,32521
2001,"DE - Other","Delaware City",USA,30000,30000
2001,"CA - Other",La,USA,28000,28000
2001,"New Orleans",Metairie,USA,27000,27000
2001,Newark,Clifton,USA,25000,25000
2001,"Buenos Aires","Mar Del Plata",ARG,25000,25000
2001,Roanoke,Roanoke,USA,25000,25000
2001,"PA - Other",Ellsworth,USA,25000,25000
2001,Seattle,"Port Townsend",USA,25000,25000
2001,"Grand Junction",Telluride,USA,25000,25000
2001,"Myrtle Beach",Conway,USA,20900,20900
2001,Chicago,Homewood,USA,20454,20454
2001,"GBR - Other",Markyate,GBR,20118,20118
2001,"SF Bay Area","Santa Cruz",USA,20000,20000
2001,Kanpur,Kanpur,IND,20000,20000
2001,Kiev,Kiev,UKR,20000,20000
2001,"FRA - Other",Morzine,FRA,20000,20000
2001,"NY - Other",Queens,USA,20000,20000
2001,Cleveland,Brunswick,USA,20000,20000
2001,Guwahati,Guwahati,IND,19889,19889
2001,Reyjavik,ReykjavÃ­k,ISL,18223.5,36447
2001,"San Diego","El Cajon",USA,17408,17408
2001,Kampala,Kampala,UGA,15000,15000
2001,Chisinau,Chisinau,MDA,14168,14168
2001,Winnipeg,Winnipeg,CAN,11000,11000
2001,Toronto,Markham,CAN,10000,10000
2001,London,"Milton Keynes",GBR,10000,10000
2001,"New York City",Woodside,USA,10000,10000
2001,"Salem, Oregon",Mcminnville,USA,5000,5000
2001,Newark,Chatham,USA,3000,3000
2001,Dover,Georgetown,USA,2000,2000
2001,"South Bend",Lowell,USA,144,144
2002,Berlin,Berlin,DEU,117600000,117600000
2002,Madison,Madison,USA,15000000,15000000
2002,"Tel Aviv","Tel Aviv",ISR,7100000,7100000
2002,Mumbai,Mumbai,IND,6410000,6410000
2002,"SF Bay Area","Los Altos",USA,6300000,6300000
2002,Tokyo,Tokyo,JPN,5000000,5000000
2002,Houston,Houston,USA,4750000,4750000
2002,"KS - Other",Mission,USA,3800000,3800000
2002,Stockholm,Stockholm,SWE,3255000,3255000
2002,Indianapolis,Indianapolis,USA,3000000,3000000
2002,Bordeaux,Bordeaux,FRA,2435000,2435000
2002,Davao,"Davao City",PHL,2000000,2000000
2002,London,London,GBR,1931647,1931647
2002,Peterborough,Peterborough,GBR,858800,858800
2002,"New York City","New York",USA,618000,618000
2002,Seattle,Kirkland,USA,525000,525000
2002,Seattle,Vancouver,USA,500000,500000
2002,"New York City",Brooklyn,USA,355000,355000
2002,"SF Bay Area","Santa Clara",USA,288000,288000
2002,"Oklahoma City","Oklahoma City",USA,250000,250000
2002,Kosice,Kosice,SVK,242563,242563
2002,"San Antonio","San Antonio",USA,200000,200000
2002,Seattle,Seattle,USA,120000,120000
2002,"CO - Other",Carbondale,USA,100000,100000
2002,Santiago,Santiago,CHL,30000,30000
2002,"Greenville - Spartanburg",Greenville,USA,15000,15000
2003,Kolkata,Kolkata,IND,1176830000,1176830000
2003,Chicago,Itasca,USA,276108581,276108581
2003,"Palm Beaches","Delray Beach",USA,26797834,26797834
2003,Indianapolis,Indianapolis,USA,25732374,25732374
2003,"SF Bay Area","San Francisco",USA,11239245.420000002,33717736.260000005
2003,Copenhagen,Copenhagen,DNK,5500000,5500000
2003,Anaheim,Irvine,USA,3475204,3475204
2003,Beijing,Beijing,CHN,3107198,3107198
2003,Baltimore,Arnold,USA,2569720,2569720
2003,Madison,Madison,USA,2518000,2518000
2003,"Ft. Lauderdale","Fort Lauderdale",USA,2450000,2450000
2003,London,London,GBR,2440000,2440000
2003,Montgomery,Montgomery,USA,2300000,2300000
2003,Taiwan,Taipei,TWN,2195355,2195355
2003,Atlanta,Atlanta,USA,1200000,1200000
2003,Manila,Makati,PHL,1016000,1016000
2003,"Salt Lake City",Bountiful,USA,670000,1340000
2003,"SF Bay Area","Santa Clara",USA,425000,425000
2003,Madrid,Madrid,ESP,389590,389590
2003,Denver,Broomfield,USA,200000,200000
2003,Boston,Cambridge,USA,152500,152500
2003,Denver,Boulder,USA,118000,118000
2003,Miami,"Key Biscayne",USA,40000,40000
2003,Amman,Amman,JOR,30000,30000
2003,"Wilmington, Delaware",Wilmington,USA,25000,25000
2003,"Rio de Janeiro","Rio De Janeiro",BRA,24000,24000
2003,"MD - Other","Temple Hills",USA,100,100
2004,"Columbus, Ohio",Columbus,USA,10975000,10975000
2004,"SF Bay Area",Pittsburg,USA,9300000,9300000
2004,Copenhagen,Copenhagen,DNK,7894342,7894342
2004,Madison,Madison,USA,4000000,4000000
2004,"New York City","Long Island City",USA,3900000,3900000
2004,Lagos,Lagos,NGA,3715000,3715000
2004,Jakarta,Jakarta,IDN,2700000,2700000
2004,Montpellier,Montpellier,FRA,1770000,1770000
2004,"SF Bay Area","San Francisco",USA,1700000,1700000
2004,Paris,Paris,FRA,1461293.3333333333,4383880
2004,Barcelona,Barcelona,ESP,1430000,1430000
2004,"SF Bay Area",Cupertino,USA,1400000,1400000
2004,Phoenix,Phoenix,USA,1000000,1000000
2004,Mumbai,Mumbai,IND,1000000,1000000
2004,Seattle,Issaquah,USA,900000,900000
2004,Atlanta,Atlanta,USA,900000,1800000
2004,"DE - Other","Delaware City",USA,700000,700000
2004,Brussels,Hasselt,BEL,687565,687565
2004,Manila,Makati,PHL,600000,600000
2004,Atlanta,Alpharetta,USA,500000,500000
2004,"San Antonio","San Antonio",USA,380000,380000
2004,Brisbane,Brisbane,AUS,360000,360000
2004,"New York City","New York",USA,209000,418000
2004,Edinburgh,Edinburgh,GBR,165992,165992
2004,Milwaukee,Milwaukee,USA,150000,150000
2004,Richmond,Richmond,USA,100000,100000
2004,Rotterdam,Rotterdam,NLD,50000,50000
2004,Boston,Boston,USA,34000,68000
2005,"SF Bay Area","San Francisco",USA,21863247.833333332,131179487
2005,"Los Angeles","Santa Monica",USA,8900000,8900000
2005,"Los Angeles","Los Angeles",USA,5000000,5000000
2005,"SF Bay Area","Palo Alto",USA,2525563,2525563
2005,Baltimore,Baltimore,USA,1800000,1800000
2005,Rennes,Rennes,FRA,1670000,1670000
2005,Raleigh,Durham,USA,1565000,1565000
2005,London,London,GBR,1054105.5,2108211
2005,"New York City","New York",USA,1000000,1000000
2005,Huddersfield,Huddersfield,GBR,909150,909150
2005,Belfast,Belfast,GBR,610540,610540
2005,"MD - Other","La Plata",USA,450000,450000
2005,"SF Bay Area","San Jose",USA,300000,300000
2005,"New Delhi","New Delhi",IND,50000,50000
2005,"Cordoba, ARG",CÃ³rdoba,ARG,40000,40000
2005,Chandigarh,Chandigarh,IND,25000,25000
2005,Calgary,Calgary,CAN,20000,20000
2006,Toronto,Toronto,CAN,31711985,31711985
2006,"SF Bay Area","San Francisco",USA,15000000,15000000
2006,"New York City",Poughkeepsie,USA,9402703,9402703
2006,"SF Bay Area","Mountain View",USA,7700000,7700000
2006,"Washington, D.C.",Arlington,USA,2300000,2300000
2006,Boston,Boston,USA,1767000,1767000
2006,"New York City","New York",USA,1350000,2700000
2006,Madison,Madison,USA,1000000,1000000
2006,"SF Bay Area","Redwood City",USA,400000,400000
2006,"Los Angeles","Los Angeles",USA,200000,200000
2006,Vancouver,Victoria,CAN,176988,176988
2006,Barcelona,Barcelona,ESP,94582,94582
2006,"MD - Other","Upper Marlboro",USA,59000,59000
2007,"SF Bay Area","San Mateo",USA,118400035,118400035
2007,London,London,GBR,18086289,54258867
2007,Boston,Burlington,USA,11999347,11999347
2007,Detroit,Plymouth,USA,10065000,10065000
2007,Anaheim,"Newport Beach",USA,10000000,10000000
2007,Valladolid,Valladolid,ESP,9500000,9500000
2007,London,Oxford,GBR,6000000,6000000
2007,"New York City","New York",USA,4970000,9940000
2007,"Los Angeles","West Hollywood",USA,3425000,3425000
2007,Malmo,MalmÃ¶,SWE,3040733,3040733
2007,Madrid,Madrid,ESP,2942768.889,2942768.889
2007,"Grand Junction",Durango,USA,2450000,2450000
2007,Clermont-ferrand,Clermont-ferrand,FRA,2000000,2000000
2007,Munich,Munich,DEU,1500000,1500000
2007,Tokyo,Tokyo,JPN,1010166,2020332
2007,"SF Bay Area","Mountain View",USA,1000000,1000000
2007,Helsinki,Helsinki,FIN,968755,968755
2007,Berlin,Berlin,DEU,941049,941049
2007,Providence,Providence,USA,794000,794000
2007,Uxbridge,Uxbridge,GBR,600000,600000
2007,Frankfurt,Frankfurt,DEU,550000,550000
2007,"San Antonio","San Antonio",USA,350000,350000
2007,"SF Bay Area","Los Gatos",USA,325000,325000
2007,Jakarta,Jakarta,IDN,100000,100000
2007,"FL - Other","Belleair Beach",USA,100000,100000
2007,Trondheim,Trondheim,NOR,67000,67000
2007,Chennai,Chennai,IND,50000,50000
2008,"SF Bay Area","San Mateo",USA,320288000,320288000
2008,Beijing,Beijing,CHN,35000000,70000000
2008,"SF Bay Area","San Bruno",USA,27000000,27000000
2008,Austin,Austin,USA,20000000,20000000
2008,Tokyo,Tokyo,JPN,15800000,15800000
2008,"New York City","New York",USA,8156250,32625000
2008,Anaheim,Orange,USA,4000000,4000000
2008,"SF Bay Area","San Francisco",USA,2326660,6979980
2008,Baar,Baar,CHE,2254193,2254193
2008,Philadelphia,Philadelphia,USA,1550000,1550000
2008,"Washington, D.C.",Washington,USA,1075000,2150000
2008,Moscow,Moscow,RUS,900000,900000
2008,"New York City",Brooklyn,USA,620000,620000
2008,"New Orleans","New Orleans",USA,500000,500000
2008,Denver,Longmont,USA,475000,475000
2008,Hyderabad,Hyderabad,IND,396497,396497
2008,"SF Bay Area","Menlo Park",USA,350000,350000
2008,London,London,GBR,100000,100000
2008,"Los Angeles","Los Angeles",USA,100000,100000
2008,"MS - Other",Georgetown,USA,90000,90000
2008,Santiago,Santiago,CHL,64512,64512
2008,Nashville,Nashville,USA,50000,50000
2008,Providence,Providence,USA,20000,20000
2009,"SF Bay Area","San Francisco",USA,37950000,113850000
2009,"Los Angeles","Los Angeles",USA,1523000,1523000
2009,Barcelona,Barcelona,ESP,1368157,1368157
2009,Tokyo,Tokyo,JPN,1080000,1080000
2009,"SF Bay Area",Berkeley,USA,1000000,1000000
2009,"Henley On Thames","Henley On Thames",GBR,900000,900000
2009,"New York City","New York",USA,260000,520000
2009,Copenhagen,Copenhagen,DNK,187291,187291
2009,Pune,Pune,IND,156858,156858
2009,Moscow,Moscow,RUS,150000,150000
2009,Sofia,Sofia,BGR,106879.1683,106879.1683
2009,"Manchester, New Hampshire",Nashua,USA,50000,50000
2009,Jonkoping,JÃ¶nkÃ¶ping,SWE,50000,50000
2009,Osijek,Osijek,HRV,30000,30000
2009,"San Diego","San Diego",USA,20000,20000
2010,"SF Bay Area","Palo Alto",USA,12200000,12200000
2010,"SF Bay Area","San Francisco",USA,11194021.5,22388043
2010,"SVN - Other",Col,SVN,11017508,11017508
2010,"New Delhi",Gurgaon,IND,10000000,10000000
2010,Stockholm,Kista,SWE,7267800,7267800
2010,Seattle,Seattle,USA,6515000,6515000
2010,Indianapolis,Indianapolis,USA,6116923,6116923
2010,Boston,Boston,USA,6090000,6090000
2010,Stockholm,Stockholm,SWE,5000000,5000000
2010,Seoul,Seoul,KOR,4632823,9265646
2010,London,London,GBR,3242797.5,6485595
2010,"Sunderland Bridge","Sunderland Bridge",GBR,1121078,1121078
2010,Paris,Paris,FRA,1067625,1067625
2010,Porto,Porto,PRT,885313,885313
2010,Warsaw,Warsaw,POL,818499.9006,818499.9006
2010,"NLD - Other",Gorinchem,NLD,619494,619494
2010,Madison,Madison,USA,580000,580000
2010,Tampa,Tampa,USA,500000,500000
2010,Ottawa,Ottawa,CAN,393669,393669
2010,Madrid,Madrid,ESP,335068,335068
2010,Sheffield,Sheffield,GBR,267689,267689
2010,"St. Petersburg","Saint Petersburg",RUS,200000,200000
2010,Santiago,Santiago,CHL,160000,160000
2010,Baltimore,Baltimore,USA,100000,100000
2010,"BRA - Other",MaringÃ¡,BRA,97560,97560
2010,Vancouver,Vancouver,CAN,81874,81874
2010,Curitiba,Curitiba,BRA,75000,75000
2010,"GBR - Other",Wellington,GBR,50000,50000
2010,Tokyo,Tokyo,JPN,43138,43138
2010,"New York City","New York",USA,35000,35000
2010,"Los Angeles","Los Angeles",USA,25000,25000
2010,"Portland, Oregon",Portland,USA,25000,25000
2010,Cairo,Cairo,EGY,24000,24000
2010,Nashville,Nashville,USA,15000,15000
2011,"New York City","New York",USA,16500000,16500000
2011,Seattle,Seattle,USA,8015125.5,16030251
2011,"SF Bay Area","San Francisco",USA,4750244.6,23751223
2011,Zurich,ZÃ¼rich,CHE,2600000,2600000
2011,"Sao Paulo","SÃ£o Paulo",BRA,2500000,2500000
2011,"Los Angeles","Los Angeles",USA,1000000,1000000
2011,Miami,"North Miami Beach",USA,1000000,1000000
2011,Toronto,Toronto,CAN,450000,450000
2011,"Rio de Janeiro","Rio De Janeiro",BRA,449775,449775
2011,London,Reading,GBR,380000,380000
2011,Bangkok,Bangkok,THA,300000,300000
2011,Branson,Springfield,USA,283500,283500
2011,"SF Bay Area","Mountain View",USA,250000,250000
2011,Philadelphia,Philadelphia,USA,200000,200000
2011,Philadelphia,Bristol,USA,200000,200000
2011,"St. Petersburg","Saint Petersburg",RUS,50000,50000
2011,"SF Bay Area",Berkeley,USA,47409,47409
2011,"Ft. Lauderdale","Pompano Beach",USA,45000,45000
2011,London,London,GBR,40000,40000
2011,Tampa,Tampa,USA,25000,25000
2011,"IND - Other",Kormangala,IND,2500,2500
2012,"Salt Lake City","Salt Lake City",USA,142825000,142825000
2012,Tokyo,Tokyo,JPN,26977411,26977411
2012,Moscow,Moscow,RUS,4495000,8990000
2012,"SF Bay Area","Redwood City",USA,2000000,2000000
2012,Tampa,"Palm Harbor",USA,1500000,1500000
2012,"Los Angeles",Venice,USA,1200000,1200000
2012,Cyprus,Limassol,CYP,900000,900000
2012,"New York City",Brooklyn,USA,450000,450000
2012,"SF Bay Area",Sunnyvale,USA,355000,355000
2012,Santiago,Santiago,CHL,307500,615000
2012,"Long Island","West Babylon",USA,275000,275000
2012,Jakarta,Jakarta,IDN,250000,250000
2012,Munich,Munich,DEU,234705,234705
2012,"THA - Other",Nonthaburi,THA,150000,150000
2012,London,London,GBR,99234,99234
2012,"San Diego","San Diego",USA,36000,72000
2012,"BWA - Other",Ramotswa,BWA,1000,1000
2013,"SF Bay Area","San Francisco",USA,23499999,23499999
2013,Tokyo,Tokyo,JPN,1000000,1000000
2013,Zurich,ZÃ¼rich,CHE,1000000,1000000
2013,"Quebec City",Quebec,CAN,360000,360000
2013,London,London,GBR,327627.25,1310509
2013,Milan,Milan,ITA,278485,278485
2013,Newark,Cranbury,USA,250000,250000
2013,Santiago,Santiago,CHL,206000,206000
2013,Tampa,"Palm Harbor",USA,200000,200000
2013,Budapest,Budapest,HUN,130000,130000
2013,Frankfurt,Frankfurt,DEU,130000,130000
2013,"St. Louis",Ballwin,USA,100000,100000
2013,Reyjavik,ReykjavÃ­k,ISL,100000,100000
2013,Munich,Munich,DEU,66299,66299
2013,"New Delhi","New Delhi",IND,35000,35000
2013,Denver,Boulder,USA,20000,20000
2013,Atlanta,Atlanta,USA,12500,12500
2013,Caerphilly,Caerphilly,GBR,12160,12160
2013,Sacramento,"Elk Grove",USA,6000,6000
2014,Sydney,"Surry Hills",AUS,7817974,7817974
2014,"New York City","New York",USA,7250000,14500000
2014,Tokyo,Shibuya,JPN,6949015,6949015
2014,"SF Bay Area","San Francisco",USA,4177500,8355000
2014,Newark,"South Plainfield",USA,2999999,2999999
2014,Manila,"Quezon City",PHL,2000000,2000000
2014,Boston,Boston,USA,1250000,1250000
2014,London,London,GBR,1200000,2400000
2014,Birmingham,Birmingham,USA,500000,500000
2014,Madrid,Madrid,ESP,384000,384000
2014,Seoul,Seoul,KOR,332496.5,664993
2014,Raleigh,Raleigh,USA,250000,250000
2014,"Oklahoma City",Stillwater,USA,250000,250000
2014,Dover,Lewes,USA,175000,175000
2014,Bangalore,Bangalore,IND,155000,310000
2014,Austin,Austin,USA,150000,150000
2014,"Los Angeles","Santa Monica",USA,125000,125000
2014,Memphis,Memphis,USA,95000,190000
2014,"Ontario - Inland Empire",Walnut,USA,10000,10000
2015,Beijing,Beijing,CHN,200000000,200000000
2015,Swindon,Swindon,GBR,10000000,10000000
2015,Chicago,Evanston,USA,6537500,13075000
2015,"Los Angeles","Los Angeles",USA,6000000,6000000
2015,Boston,Lexington,USA,5954000,5954000
2015,Omaha,Omaha,USA,5400000,5400000
2015,Barcelona,Barcelona,ESP,5045650.011,5045650.011
2015,Atlanta,Atlanta,USA,3455000,3455000
2015,"Washington, D.C.",Washington,USA,2900000,2900000
2015,Richmond,Mechanicsville,USA,2121750,2121750
2015,Reyjavik,ReykjavÃ­k,ISL,2000000,2000000
2015,Amsterdam,Amsterdam,NLD,2000000,2000000
2015,"SF Bay Area","Mountain View",USA,1875000,1875000
2015,"Salt Lake City","Salt Lake City",USA,1750000,1750000
2015,Budapest,Budapest,HUN,1700000,1700000
2015,Tokyo,Tokyo,JPN,1600000,1600000
2015,"New York City","New York",USA,1589000,3178000
2015,"Napa Valley",Napa,USA,1400000,2800000
2015,"SF Bay Area","San Francisco",USA,1300000,1300000
2015,"SF Bay Area","Santa Clara",USA,1210000,2420000
2015,London,London,GBR,1198812.5,2397625
2015,"New York City",Kingston,USA,830000,830000
2015,"Tel Aviv","Tel Aviv",ISR,750000,750000
2015,Miami,"Miami Beach",USA,500000,500000
2015,"Orange County, California",Tustin,USA,500000,500000
2015,"Mexico City","Mexico City",MEX,440000,440000
2015,Toronto,Kitchener,CAN,300000,300000
2015,Adelaide,Adelaide,AUS,262927.2568,262927.2568
2015,"SF Bay Area","San Jose",USA,250000,250000
2015,"SWE - Other","Ã„ngelholms Havsbad",SWE,220000,220000
2015,"Los Angeles","Santa Monica",USA,200000,200000
2015,Bangkok,Bangkok,THA,130861,130861
2015,"DEU - Other",Kreuzberg,DEU,125000,125000
2015,Santiago,Santiago,CHL,100000,100000
2015,Bangalore,Bangalore,IND,100000,100000
2015,Seminole,Seminole,USA,75000,75000
2015,Orlando,"Lake Mary",USA,50000,50000
2015,"SF Bay Area",Sausalito,USA,50000,50000
2015,Jakarta,Jakarta,IDN,50000,50000
2015,Atlanta,Lilburn,USA,45000,45000
2015,Seattle,Seattle,USA,40000,40000
2015,"MO - Other",Steelville,USA,30000,30000
2015,Phoenix,Scottsdale,USA,20000,20000
2015,Groningen,Groningen,NLD,12989,12989
2015,Ahmedabad,Ahmedabad,IND,3201,3201
2016,Beijing,Beijing,CHN,199050000,398100000
2016,Newark,"Berkeley Heights",USA,44741834,44741834
2016,Toronto,Waterloo,CAN,14037121,14037121
2016,"Sao Paulo","SÃ£o Paulo",BRA,5400000,5400000
2016,"SF Bay Area",Campbell,USA,2000000,2000000
2016,"Rochester, Minnesota",Rochester,USA,1762800,1762800
2016,Chicago,Chicago,USA,950000,950000
2016,Bangalore,Bangalore,IND,925000,1850000
2016,Venice,Venice,ITA,779302,779302
2016,"SF Bay Area","San Francisco",USA,706000,1412000
2016,Seoul,Seoul,KOR,519657,1039314
2016,Santiago,Santiago,CHL,500000,500000
2016,Boston,Cambridge,USA,443000,443000
2016,"Las Vegas","Las Vegas",USA,292486,292486
2016,Rome,Rome,ITA,161211.1615,161211.1615
2016,"New York City","New York",USA,112500,225000
2016,"SF Bay Area","San Jose",USA,100000,100000
2016,London,London,GBR,69247,69247
2016,Wellington,Wellington,NZL,40000,40000
2016,Moscow,Moscow,RUS,25000,25000
2016,"BRA - Other","Buenos Aires",BRA,23522,23522
2016,"OH - Other","North Hampton",USA,10000,10000
2016,Jaipur,Jaipur,IND,8217,8217
2016,Anchorage,Anchorage,USA,1000,1000
2017,"SF Bay Area","San Francisco",USA,51484799.6,257423998
2017,"New York City","New York",USA,45000000,45000000
2017,Seattle,Bellevue,USA,28787632,28787632
2017,Hartford,"West Hartford",USA,8802628,8802628
2017,Hartford,Westport,USA,3250000,3250000
2017,Vancouver,Vancouver,CAN,910000,910000
2017,Austin,Austin,USA,550000,550000
2017,"New Delhi",Gurgaon,IND,500000,500000
2017,"CRI - Other",Argentina,CRI,480000,480000
2017,Phoenix,Scottsdale,USA,300000,300000
2017,Madrid,Madrid,ESP,291841,291841
2017,Newark,Edgewater,USA,250000,250000
2017,"Washington, D.C.",Arlington,USA,105000,105000
2017,"Tel Aviv","Herzlia B",ISR,100000,100000
2017,Tampa,Tampa,USA,100000,100000
2017,"St. Louis","Saint Louis",USA,50000,50000
2017,Santiago,Santiago,CHL,40000,40000
2017,"SF Bay Area",Sunnyvale,USA,28000,28000
2017,"AR - Other",Palestine,USA,20000,20000
2018,"SF Bay Area",Milpitas,USA,12350000,12350000
2018,Chattanooga,Chattanooga,USA,7178750,14357500
2018,London,Southampton,GBR,6524375,6524375
2018,Bucharest,Bucharest,ROM,6500000,6500000
2018,"Los Angeles","Van Nuys",USA,4500000,4500000
2018,Helsinki,Helsinki,FIN,3700000,3700000
2018,"SF Bay Area",Cupertino,USA,3310000,3310000
2018,Boston,Boston,USA,3100000,3100000
2018,Seoul,Seoul,KOR,2518988.5,5037977
2018,"The Hague",Delft,NLD,2444718,2444718
2018,Antwerp,Antwerpen,BEL,2306560,2306560
2018,"New York City","New York",USA,1900490,5701470
2018,"SF Bay Area",Millbrae,USA,1500000,1500000
2018,Milan,Milan,ITA,698453,698453
2018,London,London,GBR,400000,800000
2018,"SF Bay Area","Menlo Park",USA,225000,225000
2018,Beijing,Beijing,CHN,80000,80000
2019,Seongnam,Seongnam,KOR,15400000,15400000
2019,Toronto,Toronto,CAN,11000000,11000000
2019,Baltimore,"Owings Mills",USA,5250000,5250000
2019,"Palm Beaches","Palm Beach Gardens",USA,2860000,2860000
2019,"SF Bay Area","Palo Alto",USA,595000,595000
2019,Scranton,Scranton,USA,550000,550000
2019,"POL - Other",Bielsko-biala,POL,277967.0213,277967.0213
2019,London,London,GBR,257620,515240
2019,"New York City","New York",USA,237875,475750
2019,"MEX - Other",Cuajimalpa,MEX,210082,210082
2019,"Fort Myers","Cape Coral",USA,200000,200000
2019,Newcastle,"Newcastle Upon Tyne",GBR,158865,158865
2019,Cyprus,Nicosia,CYP,56000,56000
2019,Copenhagen,Copenhagen,DNK,40000,40000
2019,"AR - Other",Springdale,USA,33333,33333
2019,Turin,Turin,ITA,32806,32806
2019,"Cedar Rapids",Fairfield,USA,5000,5000
2020,"SF Bay Area","Mountain View",USA,23692500,23692500
2020,Beijing,Beijing,CHN,20000000,20000000
2020,Atlanta,Atlanta,USA,16274967,16274967
2020,"SF Bay Area","San Francisco",USA,14271500,28543000
2020,Paris,Paris,FRA,11480886.45,22961772.9
2020,Catania,Catania,ITA,3455250,3455250
2020,Nantes,Nantes,FRA,2432351,2432351
2020,"SF Bay Area","Menlo Park",USA,2200000,2200000
2020,"PRT - Other",GuimarÃ£es,PRT,2106889,2106889
2020,Bangkok,Bangkok,THA,2000000,2000000
2020,"New York City","New York",USA,1864275,3728550
2020,"SF Bay Area",Fremont,USA,1200000,1200000
2020,Albuquerque,Albuquerque,USA,1000000,1000000
2020,Toronto,Kitchener,CAN,500000,500000
2020,Burnaby,Burnaby,CAN,75000,75000
2020,London,London,GBR,63992,63992
2020,Vadodara,Vadodara,IND,20000,20000
2020,Guadalajara,LeÃ³n,MEX,10000,10000
2020,Kampala,Kampala,UGA,5000,5000
2021,Sydney,Sydney,AUS,8494150,8494150
2021,Seattle,Seattle,USA,7400000,7400000
2021,"New York City","New York",USA,6550000,13100000
2021,London,London,GBR,4803351,9606702
2021,"Los Angeles","Los Angeles",USA,3500000,3500000
2021,Chattanooga,Chattanooga,USA,2000000,2000000
2021,"IRN - Other",Tehran,IRN,1400000,1400000
2021,"Tel Aviv","Tel Aviv",ISR,1000000,1000000
2021,"Santa Barbara",Ventura,USA,1000000,1000000
2021,Tokyo,Tokyo,JPN,811779,811779
2021,"ISR - Other",Lehavim,ISR,400000,400000
2021,"SF Bay Area","Mountain View",USA,400000,400000
2021,Scranton,Hazleton,USA,335000,335000
2021,Detroit,Detroit,USA,200000,200000
2021,Charlotte,Charlotte,USA,165000,165000
2021,Madrid,Madrid,ESP,142765,142765
2021,Paris,Paris,FRA,126180,126180
2021,Izmir,Izmir,TUR,100000,100000
2022,"SF Bay Area","Redwood City",USA,121000000,121000000
2022,"Los Angeles","Los Angeles",USA,7150000,7150000
2022,Minneapolis,Minneapolis,USA,5000000,5000000
2022,"Los Angeles",Venice,USA,4900000,4900000
2022,Iasi,Iasi,ROM,4500000,4500000
2022,Mumbai,Mumbai,IND,3000000,3000000
2022,Geneva,Geneva,CHE,1200000,1200000
2022,Frankfurt,Mannheim,DEU,1050000,1050000
2022,"SF Bay Area","San Francisco",USA,998500,1997000
2022,"San Antonio","San Antonio",USA,850000,850000
2022,Seoul,Seoul,KOR,700000,700000
2022,"NOR - Other",Sarpsborg,NOR,500000,500000
2022,"Green Bay",Appleton,USA,400000,400000
2022,"CA - Other","Lucerne Valley",USA,340000,340000
2022,Phoenix,Chandler,USA,15000,15000
2023,"New York City",Brooklyn,USA,5300000,5300000
2023,Milan,Milan,ITA,1573650,1573650
2023,Seattle,Seattle,USA,1300000,1300000
2023,"Los Angeles","El Segundo",USA,1150000,1150000
2023,Atlanta,Atlanta,USA,1050000,1050000
2023,Boston,Boston,USA,1000000,1000000
2023,"SF Bay Area",Sunnyvale,USA,800000,800000
2023,"Los Angeles",Glendale,USA,720000,720000
2023,Melbourne,Melbourne,AUS,600000,600000
2023,Boston,"West Roxbury",USA,500000,500000
2023,Boston,Waltham,USA,500000,500000
2023,Chicago,Chicago,USA,440000,880000
2023,London,London,GBR,330472.5,660945
2023,Santiago,Santiago,CHL,241903,241903
2023,"Ft. Lauderdale","Fort Lauderdale",USA,180000,180000
2023,"Los Angeles","Los Angeles",USA,152500,305000
2023,Florence,Florence,ITA,118794,118794
2023,Lancaster,Lancaster,GBR,109883,109883
2023,Ancona,Ancona,ITA,100000,100000
2023,Tokyo,Tokyo,JPN,57939,57939
2023,Montreal,MontrÃ©al,CAN,54659.25974,54659.25974
2023,Boston,Cambridge,USA,40000,40000
2023,Monterrey,Monterrey,MEX,20000,20000
2023,Tampa,"Palm Harbor",USA,10000,10000
2024,"CHE - Other",Solothurn,CHE,21401781,21401781
2024,"AK - Other",Fairbanks,USA,8700000,8700000
2024,"New York City","New York",USA,2176666.6666666665,6530000
2024,Boston,Waltham,USA,2100000,2100000
2024,Milan,Milan,ITA,1313100,1313100
2024,"Los Angeles","Sherman Oaks",USA,1250000,1250000
2024,"SF Bay Area","San Francisco",USA,1155000,1155000
2024,Istanbul,Istanbul,TUR,600000,600000
2024,Chicago,Chicago,USA,300000,300000
2024,Minneapolis,"Saint Paul",USA,100000,100000
2024,Dover,Lewes,USA,74000,74000
2024,"Santa Barbara","Santa Barbara",USA,53000,53000
2024,"Red Deer","Red Deer",CAN,40000,40000
2024,Amsterdam,Haarlem,NLD,18584,18584
2024,London,London,GBR,100,100
2025,"New York City","New York",USA,54850000,109700000
2025,"SF Bay Area","Mountain View",USA,22000000,22000000
2025,London,Chippenham,GBR,9050000,9050000
2025,"BEL - Other",Zwijnaarde,BEL,2500000,2500000
2025,"New Delhi",Gurgaon,IND,2000000,2000000
2025,Taiwan,Taipei,TWN,2000000,2000000
2025,Nashville,Nashville,USA,1290000,1290000
2025,"Baton Rouge","Baton Rouge",USA,1200000,1200000
2025,Wellington,Wellington,NZL,650000,650000
2025,Hanover,Hanover,DEU,467880,467880
2025,"RUS - Other","Naberezhnyye Chelny",RUS,360000,360000
2025,Philadelphia,Philadelphia,USA,250000,250000
2025,Barcelona,Barcelona,ESP,196079,196079
2025,"SF Bay Area","San Jose",USA,125000,125000
2025,Denver,Boulder,USA,118000,118000
2025,Berlin,Berlin,DEU,83457,83457
2025,Vancouver,Vancouver,CAN,80000,80000
2025,"Grand Junction","Pagosa Springs",USA,29000,29000
2026,"Sao Paulo","SÃ£o Paulo",BRA,25000000,25000000
2026,Shanghai,Shanghai,CHN,23100000,23100000
2026,"SF Bay Area","Palo Alto",USA,18900000,18900000
2026,Chicago,Chicago,USA,5575000,5575000
2026,"New York City","New York",USA,1840000,3680000
2026,Austin,Austin,USA,1300000,1300000
2026,Montreal,MontrÃ©al,CAN,980000,980000
2026,"JPN - Other",Tsukuba,JPN,955000,955000
2026,"Mexico City","Mexico City",MEX,900000,900000
2026,"New Delhi",Noida,IND,250000,250000
2026,"SF Bay Area","Los Gatos",USA,150000,150000
2026,London,London,GBR,65478,65478
2026,Lexington,Lexington,USA,59700,59700
2026,"VT - Other",Williston,USA,58000,58000
2026,Sydney,Newcastle,AUS,43811,43811
2026,Santiago,Santiago,CHL,40000,40000
2026,"SF Bay Area","San Francisco",USA,28000,28000
2026,"Las Vegas","Las Vegas",USA,10000,10000
2026,"GA - Other",Buckhead,USA,5000,5000
2027,"Washington, D.C.",Chantilly,USA,40000000,40000000
2027,"SF Bay Area","Redwood City",USA,39950000,39950000
2027,Bangalore,Bangalore,IND,10000000,10000000
2027,"SF Bay Area","San Francisco",USA,8550000,8550000
2027,"New York City","New York",USA,2783333.3333333335,8350000
2027,Seattle,Seattle,USA,1200000,1200000
2027,Sacramento,Davis,USA,500000,500000
2027,Denver,Longmont,USA,500000,500000
2027,Vilnius,Vilnius,LTU,490000,490000
2027,"Bowling Green",Albany,USA,300000,300000
2027,"TX - Other",Abilene,USA,250000,250000
2027,"SF Bay Area","Palo Alto",USA,225000,225000
2027,Cagliari,Cagliari,ITA,161947,161947
2027,"Washington, D.C.",Arlington,USA,25000,25000
2028,"SF Bay Area","Menlo Park",USA,62800000,62800000
2028,Tokyo,Tokyo,JPN,17776000,17776000
2028,Frankfurt,Frankfurt,DEU,12743133,12743133
2028,"New York City","New York",USA,10000000,10000000
2028,Paris,Paris,FRA,5481231.103999999,16443693.311999999
2028,Utrecht,Utrecht,NLD,3800000,3800000
2028,Anaheim,"Huntington Beach",USA,2500000,2500000
2028,"SF Bay Area","Palo Alto",USA,1875000,3750000
2028,"Los Angeles","Santa Monica",USA,875000,875000
2028,Venice,Trieste,ITA,571049,571049
2028,"RUS - Other",Chelyabinsk-40,RUS,350000,350000
2028,Seoul,Seoul,KOR,264102,264102
2028,"SF Bay Area","Mountain View",USA,150000,150000
2028,"Washington, D.C.",Germantown,USA,3500,3500
2028,Malmo,MalmÃ¶,SWE,215,215
2029,"SF Bay Area","Palo Alto",USA,463000000,926000000
2029,"SF Bay Area","San Francisco",USA,48000000,48000000
2029,Anaheim,"Newport Beach",USA,31960000,31960000
2029,London,London,GBR,31591693,31591693
2029,Phoenix,Scottsdale,USA,1347000,1347000
2029,"New Delhi","New Delhi",IND,1070000,1070000
2029,"San Diego","La Jolla",USA,790000,790000
2029,Vancouver,Vancouver,CAN,688530,688530
2029,"Portland, Oregon",Portland,USA,618000,618000
2029,Mumbai,Mumbai,IND,600000,600000
2029,"New York City","New York",USA,600000,600000
2029,Copenhagen,Copenhagen,DNK,297549,297549
2029,Denver,Broomfield,USA,18000,18000
2029,"Los Angeles","Los Angeles",USA,15000,15000
2029,Toronto,Toronto,CAN,9522,9522
2030,"FRA - Other","Le Pecq",FRA,3808000,3808000
2030,"SF Bay Area","Santa Clara",USA,2916745,2916745
2030,"SF Bay Area","Palo Alto",USA,2500000,2500000
2030,Seattle,Redmond,USA,2261000,2261000
2030,Paris,Paris,FRA,2000000,2000000
2030,Istanbul,Istanbul,TUR,2000000,2000000
2030,"New York City","New York",USA,1200000,1200000
2030,Albuquerque,Albuquerque,USA,1100000,1100000
2030,Dallas,Dallas,USA,1000000,1000000
2030,Denver,Denver,USA,800000,800000
2030,"New York City","New City",USA,500000,500000
2030,"CO - Other",Greeley,USA,480000,480000
2030,"Washington, D.C.",Rockville,USA,475000,475000
2030,London,London,GBR,360000,360000
2030,Melbourne,Southbank,AUS,150000,150000
2030,"Costa Rica","San JosÃ©",CRI,147000,147000
2030,Santiago,Santiago,CHL,140000,140000
2030,"Tel Aviv","Tel Aviv",ISR,100000,100000
2030,Shanghai,Shanghai,CHN,100000,100000
2030,Lisbon,Lisbon,PRT,100000,100000
2030,"Orange County, California","Santa Ana",USA,50000,50000
2030,Seattle,Seattle,USA,17000,17000
2030,Sacramento,Sacramento,USA,500,500
2031,"New York City","New York",USA,2800000,2800000
2031,Sydney,Sydney,AUS,1634615,1634615
2031,Missoula,Missoula,USA,1090000,1090000
2031,"SF Bay Area","Palo Alto",USA,665000,665000
2031,Nashville,Nashville,USA,365000,365000
2031,"Ft. Lauderdale",Hollywood,USA,350000,350000
2031,"SF Bay Area","San Francisco",USA,330000,330000
2031,Cologne,Cologne,DEU,260000,260000
2031,"SF Bay Area",Oakland,USA,256000,256000
2031,Dallas,Richardson,USA,250000,250000
2031,"New York City",Brooklyn,USA,250000,250000
2031,Dallas,Dallas,USA,205920,205920
2031,"DEU - Other",Greifswald,DEU,69247,69247
2031,"Los Angeles","Los Angeles",USA,10000,10000
2031,Kiev,Kiev,UKR,10000,10000
